∂©µ•∫≈,ªı∆∑±‡∫≈
16000036,86110496
16000046,86110496
16000056,86110001
16000056,86110002
16000056,86110004
16000056,86110009
16000056,86110010
16000056,86110048
16000056,86110084
16000056,86110253
16000056,86110267
16000056,86110268
16000056,86110273
16000056,86110345
16000056,86110802
16000056,86110824
16000056,86110878
16000056,86110894
16000056,86110909
16000056,86110920
16000056,86110922
16000056,86110928
16000056,86110936
16000056,86110937
16000058,86110001
16000058,86110002
16000058,86110010
16000058,86110084
16000058,86110267
16000058,86110268
16000058,86110273
16000058,86110824
16000058,86110896
16000058,86110936
16000058,86110937
16000059,86110001
16000059,86110002
16000059,86110004
16000059,86110010
16000059,86110048
16000059,86110084
16000059,86110253
16000059,86110267
16000059,86110268
16000059,86110273
16000059,86110527
16000059,86110824
16000059,86110896
16000059,86110909
16000059,86110920
16000059,86110936
16000059,86110937
16000063,86110001
16000063,86110002
16000063,86110004
16000063,86110010
16000063,86110048
16000063,86110084
16000063,86110096
16000063,86110253
16000063,86110267
16000063,86110268
16000063,86110273
16000063,86110345
16000063,86110527
16000063,86110824
16000063,86110877
16000063,86110878
16000063,86110894
16000063,86110909
16000063,86110928
16000063,86110931
16000063,86110932
16000063,86110936
16000063,86110937
16000063,86110992
16000076,86110001
16000076,86110002
16000076,86110004
16000076,86110010
16000076,86110048
16000076,86110084
16000076,86110253
16000076,86110267
16000076,86110268
16000076,86110273
16000076,86110354
16000076,86110813
16000076,86110824
16000076,86110877
16000076,86110878
16000076,86110894
16000076,86110909
16000076,86110920
16000076,86110936
16000076,86110937
16000114,86110001
16000114,86110002
16000114,86110010
16000114,86110048
16000114,86110084
16000114,86110253
16000114,86110267
16000114,86110268
16000114,86110273
16000114,86110345
16000114,86110802
16000114,86110813
16000114,86110824
16000114,86110877
16000114,86110909
16000114,86110928
16000114,86110936
16000114,86110937
16000114,86110964
16000114,86410026
16000116,86110001
16000116,86110002
16000116,86110004
16000116,86110010
16000116,86110048
16000116,86110084
16000116,86110253
16000116,86110267
16000116,86110268
16000116,86110273
16000116,86110345
16000116,86110527
16000116,86110824
16000116,86110877
16000116,86110894
16000116,86110909
16000116,86110936
16000116,86110937
16000116,86110964
16000116,86110992
16000116,86410026
16000126,86110001
16000126,86110002
16000126,86110004
16000126,86110009
16000126,86110010
16000126,86110048
16000126,86110084
16000126,86110253
16000126,86110267
16000126,86110268
16000126,86110273
16000126,86110345
16000126,86110527
16000126,86110718
16000126,86110824
16000126,86110829
16000126,86110861
16000126,86110877
16000126,86110878
16000126,86110894
16000126,86110896
16000126,86110909
16000126,86110920
16000126,86110928
16000126,86110936
16000126,86110937
16000126,86410026
16000289,86110001
16000289,86110002
16000289,86110004
16000289,86110010
16000289,86110048
16000289,86110084
16000289,86110253
16000289,86110267
16000289,86110268
16000289,86110273
16000289,86110527
16000289,86110583
16000289,86110824
16000289,86110877
16000289,86110878
16000289,86110894
16000289,86110896
16000289,86110909
16000289,86110920
16000289,86110928
16000289,86110936
16000289,86110937
16000289,86110964
16000289,86212085
16000289,86410026
16000291,86110001
16000291,86110002
16000291,86110004
16000291,86110009
16000291,86110010
16000291,86110048
16000291,86110084
16000291,86110253
16000291,86110267
16000291,86110268
16000291,86110273
16000291,86110527
16000291,86110824
16000291,86110877
16000291,86110894
16000291,86110909
16000291,86110920
16000291,86110936
16000291,86110937
16000291,86410026
16004101,86110004
16004101,86110010
16004101,86110048
16004101,86110084
16004101,86110253
16004101,86110273
16004101,86110345
16004101,86110527
16004101,86110628
16004101,86110629
16004101,86110877
16004101,86110878
16004101,86110894
16004101,86110896
16004101,86110922
16004101,86110928
16004101,86110964
16004103,86110001
16004103,86110002
16004103,86110004
16004103,86110009
16004103,86110010
16004103,86110048
16004103,86110084
16004103,86110253
16004103,86110273
16004103,86110345
16004103,86110354
16004103,86110527
16004103,86110628
16004103,86110629
16004103,86110824
16004103,86110861
16004103,86110877
16004103,86110878
16004103,86110894
16004103,86110909
16004103,86110920
16004103,86110922
16004103,86110928
16004103,86110932
16004103,86110936
16004103,86110937
16004103,86110952
16004103,86410026
16004103,86410034
16004106,86110001
16004106,86110004
16004106,86110010
16004106,86110048
16004106,86110253
16004106,86110802
16004106,86110824
16004106,86110877
16004106,86110878
16004106,86110894
16004106,86110909
16004106,86110928
16004108,86110004
16004108,86110010
16004108,86110084
16004108,86110273
16004108,86110345
16004108,86110527
16004108,86110583
16004108,86110628
16004108,86110629
16004108,86110718
16004108,86110824
16004108,86110909
16004108,86110920
16004108,86110931
16004108,86110936
16004110,86110001
16004110,86110002
16004110,86110010
16004110,86110048
16004110,86110628
16004110,86110629
16004110,86110909
16004110,86110936
16004110,86110937
16004110,86212085
16008662,86110001
16008662,86110002
16008662,86110004
16008662,86110009
16008662,86110010
16008662,86110048
16008662,86110084
16008662,86110253
16008662,86110273
16008662,86110345
16008662,86110628
16008662,86110629
16008662,86110802
16008662,86110824
16008662,86110878
16008662,86110909
16008662,86110920
16008662,86110928
16008662,86110936
16008662,86110937
16008662,86410026
16008664,86110002
16008664,86110004
16008664,86110010
16008664,86110253
16008664,86110345
16008664,86110498
16008664,86110583
16008664,86110824
16008664,86110878
16008664,86110909
16008664,86110952
16008664,86110964
16008664,86410034
16008666,86110001
16008666,86110002
16008666,86110004
16008666,86110009
16008666,86110010
16008666,86110048
16008666,86110084
16008666,86110253
16008666,86110273
16008666,86110345
16008666,86110628
16008666,86110629
16008666,86110824
16008666,86110877
16008666,86110894
16008666,86110909
16008666,86110928
16008666,86110936
16008666,86110937
16008666,86410026
16008668,86110001
16008668,86110002
16008668,86110010
16008668,86110048
16008668,86110084
16008668,86110253
16008668,86110345
16008668,86110628
16008668,86110629
16008668,86110894
16008668,86110909
16008668,86110936
16008668,86110937
16008668,86110964
16008670,86110001
16008670,86110002
16008670,86110004
16008670,86110010
16008670,86110084
16008670,86110253
16008670,86110267
16008670,86110268
16008670,86110273
16008670,86110345
16008670,86110877
16008670,86110894
16008670,86110896
16008670,86110909
16008670,86110920
16008670,86110922
16008670,86110936
16008670,86110937
16008672,86110001
16008672,86110002
16008672,86110004
16008672,86110009
16008672,86110010
16008672,86110048
16008672,86110096
16008672,86110267
16008672,86110268
16008672,86110273
16008672,86110345
16008672,86110527
16008672,86110813
16008672,86110824
16008672,86110894
16008672,86110909
16008672,86110928
16008672,86110936
16008672,86110937
16008674,86110002
16008674,86110004
16008674,86110009
16008674,86110010
16008674,86110048
16008674,86110084
16008674,86110096
16008674,86110253
16008674,86110273
16008674,86110345
16008674,86110527
16008674,86110628
16008674,86110629
16008674,86110824
16008674,86110878
16008674,86110894
16008674,86110896
16008674,86110909
16008674,86110928
16008674,86110936
16008674,86110937
16008674,86410026
16008676,86110001
16008676,86110002
16008676,86110004
16008676,86110010
16008676,86110084
16008676,86110253
16008676,86110273
16008676,86110345
16008676,86110527
16008676,86110628
16008676,86110629
16008676,86110824
16008676,86110894
16008676,86110936
16008676,86110937
16008678,86110001
16008678,86110002
16008678,86110004
16008678,86110009
16008678,86110010
16008678,86110048
16008678,86110084
16008678,86110253
16008678,86110273
16008678,86110345
16008678,86110628
16008678,86110629
16008678,86110824
16008678,86110878
16008678,86110894
16008678,86110909
16008678,86110936
16008678,86110937
16008680,86110001
16008680,86110002
16008680,86110004
16008680,86110010
16008680,86110048
16008680,86110084
16008680,86110253
16008680,86110273
16008680,86110345
16008680,86110628
16008680,86110629
16008680,86110802
16008680,86110894
16008680,86110922
16008680,86110936
16008680,86110937
16008680,86410034
16008682,86110001
16008682,86110002
16008682,86110004
16008682,86110010
16008682,86110048
16008682,86110084
16008682,86110253
16008682,86110273
16008682,86110345
16008682,86110628
16008682,86110629
16008682,86110802
16008682,86110824
16008682,86110877
16008682,86110878
16008682,86110894
16008682,86110909
16008682,86110936
16008682,86110937
16008684,86110001
16008684,86110002
16008684,86110004
16008684,86110010
16008684,86110048
16008684,86110084
16008684,86110253
16008684,86110273
16008684,86110345
16008684,86110628
16008684,86110629
16008684,86110824
16008684,86110894
16008684,86110909
16008684,86110936
16008684,86110937
16008684,86110964
16008686,86110001
16008686,86110002
16008686,86110004
16008686,86110009
16008686,86110010
16008686,86110048
16008686,86110084
16008686,86110253
16008686,86110273
16008686,86110345
16008686,86110527
16008686,86110628
16008686,86110629
16008686,86110824
16008686,86110861
16008686,86110877
16008686,86110878
16008686,86110894
16008686,86110909
16008686,86110931
16008686,86110936
16008686,86110937
16008686,86410034
16008688,86110001
16008688,86110002
16008688,86110004
16008688,86110010
16008688,86110048
16008688,86110267
16008688,86110268
16008688,86110273
16008688,86110824
16008688,86110877
16008688,86110878
16008688,86110894
16008688,86110896
16008688,86110909
16008688,86110920
16008688,86110936
16008688,86110937
16008690,86110001
16008690,86110002
16008690,86110004
16008690,86110009
16008690,86110010
16008690,86110084
16008690,86110096
16008690,86110253
16008690,86110273
16008690,86110345
16008690,86110628
16008690,86110629
16008690,86110802
16008690,86110824
16008690,86110829
16008690,86110877
16008690,86110894
16008690,86110909
16008690,86110920
16008690,86110931
16008690,86110936
16008690,86110937
16008690,86110964
16008690,86410026
16008692,86110001
16008692,86110002
16008692,86110004
16008692,86110010
16008692,86110048
16008692,86110253
16008692,86110273
16008692,86110527
16008692,86110628
16008692,86110629
16008692,86110824
16008692,86110894
16008692,86110909
16008692,86110920
16008692,86110952
16008692,86410034
16008692,86410038
16008694,86110001
16008694,86110002
16008694,86110004
16008694,86110009
16008694,86110010
16008694,86110048
16008694,86110084
16008694,86110253
16008694,86110273
16008694,86110345
16008694,86110628
16008694,86110629
16008694,86110813
16008694,86110824
16008694,86110877
16008694,86110894
16008694,86110896
16008694,86110909
16008694,86110920
16008694,86110928
16008694,86110936
16008694,86110937
16008696,86110001
16008696,86110009
16008696,86110010
16008696,86110628
16008696,86110629
16008696,86110824
16008696,86110878
16008696,86110909
16008696,86110928
16008696,86110936
16008696,86110937
16008698,86110001
16008698,86110002
16008698,86110004
16008698,86110009
16008698,86110010
16008698,86110048
16008698,86110253
16008698,86110273
16008698,86110628
16008698,86110629
16008698,86110824
16008698,86110894
16008698,86110909
16008698,86110936
16008698,86110937
16008700,86110001
16008700,86110002
16008700,86110004
16008700,86110009
16008700,86110010
16008700,86110048
16008700,86110084
16008700,86110096
16008700,86110253
16008700,86110273
16008700,86110345
16008700,86110498
16008700,86110527
16008700,86110628
16008700,86110629
16008700,86110718
16008700,86110824
16008700,86110896
16008700,86110909
16008700,86110931
16008700,86110932
16008700,86110936
16008700,86110937
16008700,86410034
16008702,86110004
16008702,86110253
16008702,86110273
16008702,86110345
16008702,86110824
16008704,86110004
16008704,86110009
16008704,86110010
16008704,86110048
16008704,86110084
16008704,86110253
16008704,86110273
16008704,86110345
16008704,86110894
16008704,86110909
16008704,86110936
16008704,86110937
16008706,86110001
16008706,86110002
16008706,86110004
16008706,86110009
16008706,86110010
16008706,86110084
16008706,86110253
16008706,86110273
16008706,86110498
16008706,86110527
16008706,86110628
16008706,86110629
16008706,86110824
16008706,86110896
16008706,86110909
16008706,86110928
16008706,86110936
16008706,86110937
16008706,86110945
16008706,86410026
16008708,86110002
16008708,86110004
16008708,86110010
16008708,86110048
16008708,86110084
16008708,86110253
16008708,86110273
16008708,86110345
16008708,86110824
16008708,86110878
16008708,86110894
16008708,86110909
16008708,86110928
16008708,86110936
16008708,86110937
16008708,86410026
16008710,86110001
16008710,86110002
16008710,86110004
16008710,86110009
16008710,86110010
16008710,86110048
16008710,86110084
16008710,86110253
16008710,86110273
16008710,86110345
16008710,86110498
16008710,86110527
16008710,86110628
16008710,86110629
16008710,86110718
16008710,86110824
16008710,86110878
16008710,86110894
16008710,86110909
16008710,86110920
16008710,86110936
16008710,86110937
16008710,86410026
16008710,86410038
16008712,86110001
16008712,86110002
16008712,86110004
16008712,86110010
16008712,86110048
16008712,86110084
16008712,86110253
16008712,86110273
16008712,86110345
16008712,86110527
16008712,86110628
16008712,86110629
16008712,86110802
16008712,86110824
16008712,86110877
16008712,86110878
16008712,86110894
16008712,86110896
16008712,86110909
16008712,86110936
16008712,86110937
16008712,86110964
16008712,86212085
16008712,86410026
16008714,86110001
16008714,86110002
16008714,86110004
16008714,86110009
16008714,86110010
16008714,86110048
16008714,86110084
16008714,86110253
16008714,86110273
16008714,86110345
16008714,86110527
16008714,86110628
16008714,86110629
16008714,86110824
16008714,86110894
16008714,86110896
16008714,86110909
16008714,86110920
16008714,86110922
16008714,86110936
16008714,86110937
16008714,86110964
16008717,86110001
16008717,86110002
16008717,86110004
16008717,86110009
16008717,86110010
16008717,86110048
16008717,86110084
16008717,86110273
16008717,86110345
16008717,86110628
16008717,86110629
16008717,86110824
16008717,86110878
16008717,86110894
16008717,86110909
16008717,86110992
16008717,86410026
16008719,86110002
16008719,86110004
16008719,86110010
16008719,86110048
16008719,86110253
16008719,86110267
16008719,86110268
16008719,86110273
16008719,86110345
16008719,86110498
16008719,86110527
16008719,86110824
16008719,86110877
16008719,86110878
16008719,86110894
16008719,86110909
16008719,86110920
16008719,86110928
16008719,86110936
16008719,86110937
16008721,86110001
16008721,86110002
16008721,86110004
16008721,86110009
16008721,86110010
16008721,86110048
16008721,86110084
16008721,86110096
16008721,86110253
16008721,86110273
16008721,86110345
16008721,86110527
16008721,86110628
16008721,86110629
16008721,86110802
16008721,86110824
16008721,86110861
16008721,86110877
16008721,86110878
16008721,86110894
16008721,86110896
16008721,86110909
16008721,86110920
16008721,86110922
16008721,86110928
16008721,86110936
16008721,86110937
16008721,86212085
16008721,86410026
16008721,86410034
16008721,86410038
16008721,86410039
16008723,86110001
16008723,86110002
16008723,86110004
16008723,86110010
16008723,86110048
16008723,86110084
16008723,86110253
16008723,86110267
16008723,86110268
16008723,86110273
16008723,86110345
16008723,86110824
16008723,86110877
16008723,86110878
16008723,86110894
16008723,86110896
16008723,86110909
16008723,86110920
16008723,86110922
16008723,86110928
16008723,86110936
16008723,86110937
16008723,86110952
16008723,86410034
16008725,86110002
16008725,86110004
16008725,86110010
16008725,86110048
16008725,86110084
16008725,86110273
16008725,86110527
16008725,86110628
16008725,86110629
16008725,86110824
16008725,86110909
16008725,86110936
16008725,86110937
16008727,86110001
16008727,86110002
16008727,86110004
16008727,86110010
16008727,86110084
16008727,86110253
16008727,86110267
16008727,86110268
16008727,86110273
16008727,86110345
16008727,86110498
16008727,86110527
16008727,86110802
16008727,86110824
16008727,86110861
16008727,86110878
16008727,86110909
16008727,86110931
16008727,86110936
16008727,86110937
16008727,86410026
16008729,86110001
16008729,86110002
16008729,86110004
16008729,86110010
16008729,86110048
16008729,86110084
16008729,86110253
16008729,86110273
16008729,86110345
16008729,86110371
16008729,86110628
16008729,86110629
16008729,86110802
16008729,86110824
16008729,86110894
16008729,86110896
16008729,86110909
16008729,86110936
16008729,86110937
16008731,86110001
16008731,86110002
16008731,86110004
16008731,86110010
16008731,86110048
16008731,86110084
16008731,86110253
16008731,86110267
16008731,86110268
16008731,86110273
16008731,86110345
16008731,86110824
16008731,86110878
16008731,86110909
16008731,86110920
16008731,86110936
16008731,86110937
16008733,86110001
16008733,86110002
16008733,86110004
16008733,86110009
16008733,86110010
16008733,86110048
16008733,86110084
16008733,86110253
16008733,86110267
16008733,86110268
16008733,86110273
16008733,86110345
16008733,86110527
16008733,86110824
16008733,86110878
16008733,86110894
16008733,86110909
16008733,86110920
16008733,86110928
16008733,86110936
16008733,86110937
16008733,86410039
16008735,86110001
16008735,86110002
16008735,86110004
16008735,86110010
16008735,86110048
16008735,86110084
16008735,86110253
16008735,86110273
16008735,86110345
16008735,86110628
16008735,86110629
16008735,86110824
16008735,86110878
16008735,86110894
16008735,86110909
16008735,86110928
16008735,86110936
16008735,86110937
16008737,86110001
16008737,86110002
16008737,86110004
16008737,86110009
16008737,86110010
16008737,86110048
16008737,86110084
16008737,86110253
16008737,86110267
16008737,86110268
16008737,86110273
16008737,86110345
16008737,86110802
16008737,86110813
16008737,86110824
16008737,86110877
16008737,86110878
16008737,86110894
16008737,86110909
16008737,86110920
16008737,86110922
16008737,86110928
16008737,86110936
16008737,86110937
16008737,86410026
16008737,86410034
16008737,86410038
16008737,86410039
16008739,86110001
16008739,86110002
16008739,86110004
16008739,86110009
16008739,86110010
16008739,86110048
16008739,86110084
16008739,86110253
16008739,86110267
16008739,86110268
16008739,86110273
16008739,86110527
16008739,86110824
16008739,86110877
16008739,86110878
16008739,86110894
16008739,86110909
16008739,86110920
16008739,86110936
16008739,86110937
16008739,86410026
16008739,86410038
16008739,86410039
16008741,86110001
16008741,86110002
16008741,86110004
16008741,86110010
16008741,86110048
16008741,86110084
16008741,86110253
16008741,86110273
16008741,86110628
16008741,86110629
16008741,86110802
16008741,86110824
16008741,86110877
16008741,86110878
16008741,86110894
16008741,86110909
16008741,86110920
16008741,86110936
16008741,86110937
16008741,86110964
16008741,86410026
16008743,86110001
16008743,86110002
16008743,86110004
16008743,86110010
16008743,86110048
16008743,86110084
16008743,86110253
16008743,86110273
16008743,86110345
16008743,86110628
16008743,86110629
16008743,86110909
16008743,86110920
16008743,86110936
16008743,86110937
16008745,86110001
16008745,86110002
16008745,86110004
16008745,86110010
16008745,86110048
16008745,86110084
16008745,86110253
16008745,86110273
16008745,86110345
16008745,86110628
16008745,86110629
16008745,86110877
16008745,86110894
16008745,86110896
16008745,86110909
16008745,86110920
16008745,86110936
16008745,86110937
16008745,86110992
16008745,86410038
16008745,86410039
16008747,86110001
16008747,86110002
16008747,86110004
16008747,86110009
16008747,86110010
16008747,86110048
16008747,86110084
16008747,86110096
16008747,86110253
16008747,86110273
16008747,86110498
16008747,86110527
16008747,86110628
16008747,86110629
16008747,86110824
16008747,86110877
16008747,86110878
16008747,86110894
16008747,86110909
16008747,86110920
16008747,86110928
16008747,86110936
16008747,86110937
16008747,86110952
16008747,86110992
16008747,86410034
16008749,86110001
16008749,86110002
16008749,86110004
16008749,86110010
16008749,86110048
16008749,86110084
16008749,86110253
16008749,86110273
16008749,86110345
16008749,86110527
16008749,86110583
16008749,86110628
16008749,86110629
16008749,86110813
16008749,86110824
16008749,86110877
16008749,86110878
16008749,86110894
16008749,86110896
16008749,86110909
16008749,86110920
16008749,86110928
16008749,86110936
16008749,86110937
16008749,86410034
16008751,86110001
16008751,86110002
16008751,86110004
16008751,86110009
16008751,86110010
16008751,86110048
16008751,86110084
16008751,86110253
16008751,86110267
16008751,86110268
16008751,86110273
16008751,86110345
16008751,86110824
16008751,86110877
16008751,86110878
16008751,86110894
16008751,86110909
16008751,86110920
16008751,86110928
16008751,86110936
16008751,86110937
16008751,86410026
16008751,86410034
16008753,86110001
16008753,86110002
16008753,86110004
16008753,86110009
16008753,86110010
16008753,86110048
16008753,86110084
16008753,86110253
16008753,86110273
16008753,86110345
16008753,86110371
16008753,86110628
16008753,86110629
16008753,86110824
16008753,86110877
16008753,86110878
16008753,86110894
16008753,86110909
16008753,86110928
16008753,86110936
16008753,86110937
16008753,86410034
16008755,86110001
16008755,86110002
16008755,86110004
16008755,86110009
16008755,86110010
16008755,86110048
16008755,86110084
16008755,86110095
16008755,86110096
16008755,86110253
16008755,86110273
16008755,86110345
16008755,86110527
16008755,86110583
16008755,86110628
16008755,86110629
16008755,86110824
16008755,86110877
16008755,86110878
16008755,86110894
16008755,86110896
16008755,86110909
16008755,86110931
16008755,86110932
16008755,86110936
16008755,86110937
16008755,86110945
16008755,86110952
16008755,86110964
16008755,86212085
16008755,86410026
16008757,86110001
16008757,86110002
16008757,86110004
16008757,86110009
16008757,86110010
16008757,86110048
16008757,86110084
16008757,86110096
16008757,86110253
16008757,86110273
16008757,86110345
16008757,86110527
16008757,86110628
16008757,86110629
16008757,86110802
16008757,86110824
16008757,86110877
16008757,86110878
16008757,86110896
16008757,86110909
16008757,86110928
16008757,86110931
16008757,86110932
16008757,86110936
16008757,86110937
16008759,86110009
16008759,86110048
16008759,86110253
16008759,86110273
16008759,86110345
16008759,86110354
16008759,86110628
16008759,86110629
16008759,86110894
16008759,86110928
16008759,86410034
16008761,86110001
16008761,86110002
16008761,86110004
16008761,86110010
16008761,86110048
16008761,86110084
16008761,86110096
16008761,86110253
16008761,86110273
16008761,86110345
16008761,86110354
16008761,86110527
16008761,86110583
16008761,86110628
16008761,86110629
16008761,86110718
16008761,86110802
16008761,86110824
16008761,86110896
16008761,86110909
16008761,86110936
16008761,86110937
16008761,86110945
16008763,86110001
16008763,86110002
16008763,86110004
16008763,86110009
16008763,86110010
16008763,86110048
16008763,86110084
16008763,86110273
16008763,86110527
16008763,86110628
16008763,86110629
16008763,86110802
16008763,86110824
16008763,86110878
16008763,86110894
16008763,86110909
16008763,86110931
16008763,86110932
16008763,86110936
16008763,86110937
16008763,86110964
16008763,86410026
16008765,86110001
16008765,86110002
16008765,86110004
16008765,86110010
16008765,86110084
16008765,86110096
16008765,86110253
16008765,86110273
16008765,86110345
16008765,86110628
16008765,86110629
16008765,86110824
16008765,86110878
16008765,86110894
16008765,86110909
16008765,86110920
16008765,86110922
16008765,86110928
16008765,86410038
16008765,86410039
16008767,86110001
16008767,86110002
16008767,86110004
16008767,86110010
16008767,86110048
16008767,86110084
16008767,86110273
16008767,86110345
16008767,86110371
16008767,86110527
16008767,86110628
16008767,86110629
16008767,86110824
16008767,86110909
16008767,86110931
16008767,86110936
16008767,86110937
16008767,86110945
16008769,86110001
16008769,86110002
16008769,86110004
16008769,86110010
16008769,86110048
16008769,86110084
16008769,86110253
16008769,86110267
16008769,86110268
16008769,86110273
16008769,86110345
16008769,86110824
16008769,86110878
16008769,86110894
16008769,86110909
16008769,86110920
16008769,86110928
16008769,86110936
16008769,86110937
16008771,86110001
16008771,86110002
16008771,86110004
16008771,86110010
16008771,86110048
16008771,86110084
16008771,86110253
16008771,86110273
16008771,86110345
16008771,86110628
16008771,86110629
16008771,86110824
16008771,86110877
16008771,86110878
16008771,86110894
16008771,86110896
16008771,86110909
16008771,86110920
16008771,86110928
16008771,86110936
16008771,86110937
16008773,86110001
16008773,86110002
16008773,86110004
16008773,86110009
16008773,86110010
16008773,86110048
16008773,86110084
16008773,86110253
16008773,86110273
16008773,86110345
16008773,86110527
16008773,86110628
16008773,86110629
16008773,86110824
16008773,86110877
16008773,86110909
16008773,86110936
16008773,86110937
16008773,86110992
16008773,86212085
16008775,86110001
16008775,86110002
16008775,86110004
16008775,86110010
16008775,86110048
16008775,86110084
16008775,86110253
16008775,86110267
16008775,86110268
16008775,86110273
16008775,86110345
16008775,86110527
16008775,86110802
16008775,86110824
16008775,86110877
16008775,86110894
16008775,86110909
16008775,86110936
16008775,86110937
16008777,86110001
16008777,86110002
16008777,86110010
16008777,86110048
16008777,86110084
16008777,86110253
16008777,86110273
16008777,86110345
16008777,86110527
16008777,86110628
16008777,86110629
16008777,86110813
16008777,86110824
16008777,86110877
16008777,86110878
16008777,86110909
16008777,86110920
16008777,86110952
16008777,86110964
16008777,86410038
16008777,86410039
16008779,86110001
16008779,86110002
16008779,86110004
16008779,86110009
16008779,86110010
16008779,86110084
16008779,86110253
16008779,86110267
16008779,86110268
16008779,86110273
16008779,86110345
16008779,86110489
16008779,86110527
16008779,86110824
16008779,86110861
16008779,86110877
16008779,86110894
16008779,86110909
16008779,86110928
16008779,86110936
16008779,86110937
16008779,86410034
16008781,86110001
16008781,86110002
16008781,86110004
16008781,86110048
16008781,86110084
16008781,86110253
16008781,86110273
16008781,86110628
16008781,86110629
16008781,86110824
16008781,86110936
16008781,86110937
16008781,86410026
16008783,86110001
16008783,86110002
16008783,86110004
16008783,86110009
16008783,86110010
16008783,86110048
16008783,86110084
16008783,86110253
16008783,86110273
16008783,86110345
16008783,86110628
16008783,86110629
16008783,86110824
16008783,86110877
16008783,86110894
16008783,86110909
16008783,86110936
16008783,86110937
16008783,86110964
16008783,86410026
16008783,86410038
16008783,86410039
16008785,86110001
16008785,86110002
16008785,86110004
16008785,86110010
16008785,86110048
16008785,86110084
16008785,86110096
16008785,86110253
16008785,86110273
16008785,86110345
16008785,86110354
16008785,86110527
16008785,86110583
16008785,86110628
16008785,86110629
16008785,86110824
16008785,86110861
16008785,86110896
16008785,86110909
16008785,86110931
16008785,86110932
16008785,86110936
16008785,86110937
16008785,86212085
16008785,86410034
16008787,86110002
16008787,86110004
16008787,86110010
16008787,86110048
16008787,86110084
16008787,86110253
16008787,86110273
16008787,86110345
16008787,86110628
16008787,86110629
16008787,86110824
16008787,86110909
16008787,86110936
16008787,86110937
16008787,86410026
16008789,86110001
16008789,86110002
16008789,86110004
16008789,86110009
16008789,86110010
16008789,86110084
16008789,86110253
16008789,86110273
16008789,86110345
16008789,86110628
16008789,86110629
16008789,86110802
16008789,86110824
16008789,86110829
16008789,86110878
16008789,86110894
16008789,86110909
16008789,86110922
16008789,86110931
16008789,86110932
16008789,86110936
16008789,86110937
16008789,86410026
16008791,86110001
16008791,86110002
16008791,86110004
16008791,86110009
16008791,86110010
16008791,86110048
16008791,86110084
16008791,86110096
16008791,86110253
16008791,86110273
16008791,86110345
16008791,86110527
16008791,86110628
16008791,86110629
16008791,86110824
16008791,86110861
16008791,86110877
16008791,86110894
16008791,86110909
16008791,86110936
16008791,86110937
16008791,86110964
16008793,86110001
16008793,86110002
16008793,86110004
16008793,86110009
16008793,86110010
16008793,86110048
16008793,86110084
16008793,86110096
16008793,86110253
16008793,86110273
16008793,86110345
16008793,86110527
16008793,86110583
16008793,86110628
16008793,86110629
16008793,86110718
16008793,86110813
16008793,86110824
16008793,86110894
16008793,86110909
16008793,86110920
16008793,86110932
16008793,86110936
16008793,86110937
16008793,86110964
16008795,86110001
16008795,86110002
16008795,86110004
16008795,86110010
16008795,86110048
16008795,86110253
16008795,86110273
16008795,86110345
16008795,86110628
16008795,86110629
16008795,86110802
16008795,86110824
16008795,86110909
16008795,86110936
16008795,86110937
16008795,86110952
16008795,86110964
16008797,86110001
16008797,86110002
16008797,86110004
16008797,86110009
16008797,86110010
16008797,86110273
16008797,86110345
16008797,86110628
16008797,86110629
16008797,86110824
16008797,86110878
16008797,86110894
16008797,86110909
16008797,86110952
16008797,86410026
16008799,86110001
16008799,86110002
16008799,86110004
16008799,86110009
16008799,86110010
16008799,86110048
16008799,86110084
16008799,86110253
16008799,86110273
16008799,86110345
16008799,86110628
16008799,86110629
16008799,86110718
16008799,86110802
16008799,86110824
16008799,86110877
16008799,86110894
16008799,86110896
16008799,86110909
16008799,86110928
16008799,86110936
16008799,86110937
16008799,86410026
16008799,86410034
16008801,86110001
16008801,86110002
16008801,86110004
16008801,86110009
16008801,86110010
16008801,86110048
16008801,86110084
16008801,86110253
16008801,86110267
16008801,86110268
16008801,86110273
16008801,86110345
16008801,86110802
16008801,86110824
16008801,86110878
16008801,86110909
16008801,86110936
16008801,86110937
16008801,86110952
16008801,86110964
16008801,86410026
16008803,86110001
16008803,86110002
16008803,86110004
16008803,86110010
16008803,86110048
16008803,86110084
16008803,86110253
16008803,86110267
16008803,86110268
16008803,86110273
16008803,86110345
16008803,86110861
16008803,86110894
16008803,86110909
16008803,86110936
16008803,86110937
16008805,86110001
16008805,86110002
16008805,86110004
16008805,86110010
16008805,86110048
16008805,86110084
16008805,86110253
16008805,86110273
16008805,86110345
16008805,86110628
16008805,86110629
16008805,86110802
16008805,86110824
16008805,86110877
16008805,86110878
16008805,86110894
16008805,86110909
16008805,86110920
16008805,86110922
16008805,86110928
16008805,86110936
16008805,86110937
16008805,86110964
16008805,86410026
16008805,86410034
16008807,86110001
16008807,86110002
16008807,86110004
16008807,86110010
16008807,86110048
16008807,86110084
16008807,86110095
16008807,86110096
16008807,86110253
16008807,86110273
16008807,86110345
16008807,86110527
16008807,86110628
16008807,86110629
16008807,86110824
16008807,86110861
16008807,86110877
16008807,86110878
16008807,86110909
16008807,86110928
16008807,86110936
16008807,86110937
16008807,86110945
16008809,86110001
16008809,86110002
16008809,86110004
16008809,86110009
16008809,86110010
16008809,86110048
16008809,86110084
16008809,86110253
16008809,86110267
16008809,86110268
16008809,86110273
16008809,86110345
16008809,86110802
16008809,86110824
16008809,86110894
16008809,86110896
16008809,86110909
16008809,86110920
16008809,86110936
16008809,86110937
16008809,86110952
16008811,86110001
16008811,86110002
16008811,86110004
16008811,86110009
16008811,86110010
16008811,86110048
16008811,86110084
16008811,86110253
16008811,86110273
16008811,86110345
16008811,86110527
16008811,86110628
16008811,86110629
16008811,86110824
16008811,86110877
16008811,86110894
16008811,86110909
16008811,86110920
16008811,86110936
16008811,86110937
16008811,86110952
16008814,86110001
16008814,86110002
16008814,86110004
16008814,86110010
16008814,86110084
16008814,86110253
16008814,86110273
16008814,86110628
16008814,86110629
16008814,86110824
16008814,86110920
16008814,86110928
16008814,86110936
16008814,86110937
16008814,86110952
16008814,86110964
16008817,86110253
16008819,86110001
16008819,86110002
16008819,86110004
16008819,86110010
16008819,86110048
16008819,86110084
16008819,86110253
16008819,86110273
16008819,86110345
16008819,86110628
16008819,86110629
16008819,86110824
16008819,86110894
16008819,86110896
16008819,86110920
16008819,86110936
16008819,86110937
16008821,86110001
16008821,86110002
16008821,86110004
16008821,86110009
16008821,86110010
16008821,86110048
16008821,86110084
16008821,86110096
16008821,86110253
16008821,86110273
16008821,86110345
16008821,86110354
16008821,86110498
16008821,86110527
16008821,86110583
16008821,86110628
16008821,86110629
16008821,86110718
16008821,86110824
16008821,86110861
16008821,86110896
16008821,86110909
16008821,86110931
16008821,86110932
16008821,86110936
16008821,86110937
16008823,86110001
16008823,86110002
16008823,86110004
16008823,86110010
16008823,86110048
16008823,86110084
16008823,86110096
16008823,86110253
16008823,86110273
16008823,86110345
16008823,86110354
16008823,86110498
16008823,86110527
16008823,86110583
16008823,86110628
16008823,86110629
16008823,86110718
16008823,86110802
16008823,86110824
16008823,86110896
16008823,86110909
16008823,86110931
16008823,86110932
16008823,86110936
16008823,86110937
16008823,86410034
16008825,86110001
16008825,86110002
16008825,86110004
16008825,86110010
16008825,86110048
16008825,86110084
16008825,86110253
16008825,86110273
16008825,86110345
16008825,86110628
16008825,86110629
16008825,86110824
16008825,86110894
16008825,86110909
16008825,86110928
16008825,86110936
16008825,86110937
16008825,86110964
16008825,86410026
16008825,86410034
16008825,86410038
16008825,86410039
16008827,86110001
16008827,86110002
16008827,86110004
16008827,86110009
16008827,86110010
16008827,86110048
16008827,86110084
16008827,86110253
16008827,86110273
16008827,86110345
16008827,86110527
16008827,86110628
16008827,86110629
16008827,86110718
16008827,86110824
16008827,86110896
16008827,86110909
16008827,86110920
16008827,86110936
16008827,86110937
16008827,86410039
16008829,86110001
16008829,86110004
16008829,86110010
16008829,86110253
16008829,86110273
16008829,86110628
16008829,86110629
16008829,86110824
16008829,86110936
16008829,86110937
16008831,86110001
16008831,86110002
16008831,86110004
16008831,86110009
16008831,86110010
16008831,86110048
16008831,86110084
16008831,86110253
16008831,86110267
16008831,86110268
16008831,86110273
16008831,86110345
16008831,86110824
16008831,86110878
16008831,86110894
16008831,86110909
16008831,86110920
16008831,86110936
16008831,86110937
16008831,86110952
16008831,86110964
16008831,86410038
16008831,86410039
16008833,86110001
16008833,86110002
16008833,86110004
16008833,86110048
16008833,86110253
16008833,86110628
16008833,86110629
16008833,86110824
16008833,86410034
16008835,86110001
16008835,86110002
16008835,86110004
16008835,86110010
16008835,86110084
16008835,86110253
16008835,86110273
16008835,86110345
16008835,86110628
16008835,86110629
16008835,86110802
16008835,86110824
16008835,86110894
16008835,86110896
16008835,86110909
16008835,86110936
16008835,86110937
16008835,86110964
16008837,86110001
16008837,86110002
16008837,86110004
16008837,86110010
16008837,86110048
16008837,86110084
16008837,86110267
16008837,86110268
16008837,86110273
16008837,86110802
16008837,86110928
16008837,86110936
16008837,86110937
16008839,86110628
16008839,86110629
16008841,86110002
16008841,86110004
16008841,86110010
16008841,86110084
16008841,86110253
16008841,86110877
16021285,86110496
16021285,86110794
16021285,86210002
16021285,86210006
16021285,86210012
16021285,86210024
16021285,86210027
16021285,86210489
16021285,86210627
16021285,86210792
16021285,86210852
16021285,86211109
16021285,86211111
16021285,86211421
16021285,86211431
16021285,86211568
16021285,86211640
16021285,86211646
16021285,86211693
16021285,86211823
16021285,86211832
16021285,86212010
16021285,86212016
16021285,86212065
16021285,86212105
16021285,86212111
16021285,86212128
16021285,86212268
16021285,86212342
16021285,86212345
16021285,86212351
16021285,86212363
16021285,86212368
16021285,86212461
16021285,86212567
16021285,86212615
16021285,86212620
16021285,86212626
16021285,86212632
16021285,86410026
16021285,86410034
16021287,86110496
16021287,86210002
16021287,86210024
16021287,86210027
16021287,86210489
16021287,86210627
16021287,86210852
16021287,86211133
16021287,86211421
16021287,86211431
16021287,86211568
16021287,86211640
16021287,86211693
16021287,86212016
16021287,86212065
16021287,86212088
16021287,86212105
16021287,86212111
16021287,86212128
16021287,86212342
16021287,86212345
16021287,86212351
16021287,86212461
16021287,86212556
16021287,86212572
16021287,86212578
16021287,86212614
16021287,86212615
16021287,86212620
16021287,86212623
16021287,86212626
16021287,86410026
16021287,86410034
16021289,86110496
16021291,86110496
16021291,86110794
16021291,86210002
16021291,86210027
16021291,86210852
16021291,86211111
16021291,86211568
16021291,86211640
16021291,86211646
16021291,86212010
16021291,86212065
16021291,86212105
16021291,86212128
16021291,86212345
16021291,86212351
16021291,86212567
16021291,86410034
16021293,86110496
16021295,86110496
16021297,86110496
16021297,86110794
16021297,86210002
16021297,86210015
16021297,86210027
16021297,86210215
16021297,86210394
16021297,86210627
16021297,86210852
16021297,86211109
16021297,86211111
16021297,86211421
16021297,86211568
16021297,86211640
16021297,86211646
16021297,86211832
16021297,86212010
16021297,86212016
16021297,86212065
16021297,86212105
16021297,86212111
16021297,86212128
16021297,86212342
16021297,86212351
16021297,86212461
16021297,86212483
16021297,86212577
16021297,86212578
16021297,86212614
16021297,86212620
16021297,86212626
16021297,86410034
16021299,86110496
16021299,86110794
16021299,86210002
16021299,86210006
16021299,86210024
16021299,86210027
16021299,86210627
16021299,86210852
16021299,86211109
16021299,86211421
16021299,86211568
16021299,86211640
16021299,86211646
16021299,86212065
16021299,86212105
16021299,86212111
16021299,86212128
16021299,86212342
16021299,86212388
16021299,86212461
16021299,86212483
16021299,86212578
16021299,86212620
16021299,86212626
16021299,86410026
16021301,86110496
16021301,86110794
16021301,86210002
16021301,86210006
16021301,86210024
16021301,86210027
16021301,86210489
16021301,86210627
16021301,86210792
16021301,86210852
16021301,86211111
16021301,86211421
16021301,86211431
16021301,86211568
16021301,86211640
16021301,86211646
16021301,86211655
16021301,86211693
16021301,86211832
16021301,86212010
16021301,86212016
16021301,86212065
16021301,86212105
16021301,86212128
16021301,86212268
16021301,86212342
16021301,86212351
16021301,86212362
16021301,86212368
16021301,86212436
16021301,86212461
16021301,86212483
16021301,86212504
16021301,86212578
16021301,86212614
16021301,86212615
16021301,86212620
16021301,86212626
16021301,86212632
16021301,86410026
16021301,86410034
16021303,86110496
16021303,86210027
16021303,86211344
16021303,86212436
16021303,86212556
16021303,86212577
16021305,86110496
16021305,86110794
16021305,86210002
16021305,86210012
16021305,86210015
16021305,86210024
16021305,86210027
16021305,86210627
16021305,86210852
16021305,86211109
16021305,86211111
16021305,86211421
16021305,86211568
16021305,86211640
16021305,86211646
16021305,86211655
16021305,86211693
16021305,86211832
16021305,86212010
16021305,86212065
16021305,86212105
16021305,86212111
16021305,86212123
16021305,86212128
16021305,86212268
16021305,86212342
16021305,86212345
16021305,86212351
16021305,86212368
16021305,86212461
16021305,86212567
16021305,86212572
16021305,86212614
16021305,86212620
16021305,86212626
16021305,86410034
16021307,86110496
16021307,86210002
16021307,86210024
16021307,86210027
16021307,86210627
16021307,86210852
16021307,86211111
16021307,86211568
16021307,86211640
16021307,86211646
16021307,86211832
16021307,86212105
16021307,86212342
16021307,86212461
16021307,86212578
16021307,86212614
16021307,86212620
16021307,86410026
16021309,86110496
16021311,86110496
16021311,86210024
16021311,86210027
16021311,86210489
16021311,86210627
16021311,86210852
16021311,86211040
16021311,86211110
16021311,86211111
16021311,86211344
16021311,86211421
16021311,86211640
16021311,86211655
16021311,86211832
16021311,86212010
16021311,86212030
16021311,86212065
16021311,86212128
16021311,86212351
16021311,86212444
16021311,86212620
16021311,86212623
16021311,86212626
16021311,86410034
16021313,86110496
16021313,86110794
16021313,86210002
16021313,86210006
16021313,86210024
16021313,86210027
16021313,86210627
16021313,86210852
16021313,86211109
16021313,86211110
16021313,86211111
16021313,86211133
16021313,86211421
16021313,86211431
16021313,86211568
16021313,86211640
16021313,86211646
16021313,86211693
16021313,86211832
16021313,86212010
16021313,86212065
16021313,86212105
16021313,86212123
16021313,86212128
16021313,86212268
16021313,86212305
16021313,86212342
16021313,86212345
16021313,86212351
16021313,86212436
16021313,86212461
16021313,86212567
16021313,86212614
16021313,86212620
16021313,86212626
16021313,86410026
16021315,86110496
16021315,86110794
16021315,86210002
16021315,86210012
16021315,86210015
16021315,86210024
16021315,86210027
16021315,86210489
16021315,86210627
16021315,86210792
16021315,86210802
16021315,86210852
16021315,86211133
16021315,86211431
16021315,86211568
16021315,86211640
16021315,86211646
16021315,86211655
16021315,86211693
16021315,86211823
16021315,86211832
16021315,86212105
16021315,86212123
16021315,86212128
16021315,86212268
16021315,86212342
16021315,86212345
16021315,86212368
16021315,86212461
16021315,86212504
16021315,86212567
16021315,86212569
16021315,86212578
16021315,86212620
16021315,86212623
16021315,86212626
16021315,86410026
16021315,86410034
16021317,86110496
16021317,86110794
16021317,86210002
16021317,86210027
16021317,86210627
16021317,86210852
16021317,86211109
16021317,86211110
16021317,86211111
16021317,86211431
16021317,86211568
16021317,86211640
16021317,86211646
16021317,86211832
16021317,86212016
16021317,86212030
16021317,86212065
16021317,86212105
16021317,86212342
16021317,86212351
16021317,86212368
16021317,86212436
16021317,86212461
16021317,86212614
16021317,86212620
16021317,86212626
16021317,86410026
16021319,86110496
16021321,86110496
16021321,86210002
16021321,86210027
16021321,86210852
16021321,86211133
16021321,86211568
16021321,86211640
16021321,86211832
16021321,86212105
16021321,86212128
16021321,86212351
16021321,86212620
16021321,86212626
16021321,86212811
16021321,86410026
16021321,86410034
16021323,86110496
16021323,86210002
16021323,86210024
16021323,86210027
16021323,86210489
16021323,86210627
16021323,86210852
16021323,86211040
16021323,86211111
16021323,86211133
16021323,86211344
16021323,86211421
16021323,86211568
16021323,86211640
16021323,86211693
16021323,86211832
16021323,86212010
16021323,86212016
16021323,86212065
16021323,86212105
16021323,86212342
16021323,86212344
16021323,86212345
16021323,86212461
16021323,86212567
16021323,86212577
16021323,86212578
16021323,86212623
16021323,86212626
16021323,86410034
16021325,86110496
16021325,86210002
16021325,86211640
16021325,86211646
16021325,86212065
16021325,86212345
16021325,86212351
16021325,86212461
16021325,86212626
16021325,86410026
16021327,86110496
16021327,86110794
16021327,86210002
16021327,86210006
16021327,86210027
16021327,86210627
16021327,86210852
16021327,86211111
16021327,86211344
16021327,86211431
16021327,86211568
16021327,86211640
16021327,86211646
16021327,86211832
16021327,86212105
16021327,86212111
16021327,86212128
16021327,86212268
16021327,86212342
16021327,86212351
16021327,86212461
16021327,86212464
16021327,86212577
16021327,86212614
16021327,86212623
16021327,86212626
16021327,86410026
16021329,86110496
16021331,86110001
16021331,86110002
16021331,86110004
16021331,86110009
16021331,86110010
16021331,86110048
16021331,86110253
16021331,86110273
16021331,86110628
16021331,86110629
16021331,86110718
16021331,86110824
16021331,86110861
16021331,86110878
16021331,86110909
16021331,86110928
16021331,86110931
16021331,86110932
16021331,86110992
16021331,86410026
16021333,86110001
16021333,86110002
16021333,86110004
16021333,86110009
16021333,86110010
16021333,86110048
16021333,86110084
16021333,86110253
16021333,86110273
16021333,86110345
16021333,86110628
16021333,86110629
16021333,86110802
16021333,86110824
16021333,86110877
16021333,86110894
16021333,86110909
16021333,86110920
16021333,86110928
16021333,86110936
16021333,86110937
16021333,86410026
16021336,86110001
16021336,86110002
16021336,86110004
16021336,86110009
16021336,86110010
16021336,86110048
16021336,86110084
16021336,86110253
16021336,86110273
16021336,86110628
16021336,86110629
16021336,86110824
16021336,86110894
16021336,86110896
16021336,86110909
16021336,86110936
16021336,86110937
16021339,86110002
16021339,86110004
16021339,86110010
16021339,86110048
16021339,86110084
16021339,86110253
16021339,86110273
16021339,86110345
16021339,86110527
16021339,86110802
16021339,86110813
16021339,86110824
16021339,86110877
16021339,86110878
16021339,86110894
16021339,86110909
16021339,86110920
16021339,86110928
16021339,86110992
16021339,86212085
16021339,86410026
16021339,86410034
16021341,86110001
16021341,86110002
16021341,86110004
16021341,86110009
16021341,86110010
16021341,86110048
16021341,86110084
16021341,86110253
16021341,86110273
16021341,86110354
16021341,86110527
16021341,86110628
16021341,86110629
16021341,86110802
16021341,86110824
16021341,86110829
16021341,86110878
16021341,86110909
16021341,86110931
16021341,86110937
16021341,86110952
16021343,86110001
16021343,86110002
16021343,86110004
16021343,86110009
16021343,86110010
16021343,86110048
16021343,86110084
16021343,86110253
16021343,86110273
16021343,86110345
16021343,86110371
16021343,86110527
16021343,86110628
16021343,86110629
16021343,86110824
16021343,86110877
16021343,86110878
16021343,86110894
16021343,86110909
16021343,86110936
16021343,86110937
16021343,86410026
16021345,86110001
16021345,86110002
16021345,86110010
16021345,86110253
16021345,86110345
16021345,86110371
16021345,86110527
16021345,86110628
16021345,86110629
16021345,86110824
16021345,86110877
16021345,86110894
16021345,86110909
16021345,86110928
16021345,86110936
16021345,86110937
16021345,86110964
16021345,86212085
16021345,86410026
16021345,86410034
16021345,86410038
16021345,86410039
16021347,86110001
16021347,86110002
16021347,86110004
16021347,86110009
16021347,86110010
16021347,86110048
16021347,86110084
16021347,86110253
16021347,86110273
16021347,86110527
16021347,86110628
16021347,86110629
16021347,86110718
16021347,86110802
16021347,86110824
16021347,86110877
16021347,86110878
16021347,86110894
16021347,86110909
16021347,86110920
16021347,86110922
16021347,86110928
16021347,86110936
16021347,86110937
16021347,86212085
16021347,86410026
16021349,86110001
16021349,86110002
16021349,86110004
16021349,86110009
16021349,86110010
16021349,86110048
16021349,86110084
16021349,86110095
16021349,86110096
16021349,86110273
16021349,86110345
16021349,86110527
16021349,86110583
16021349,86110628
16021349,86110629
16021349,86110802
16021349,86110824
16021349,86110877
16021349,86110878
16021349,86110894
16021349,86110896
16021349,86110909
16021349,86110928
16021349,86110931
16021349,86110936
16021349,86110937
16021349,86410026
16021351,86110002
16021351,86110004
16021351,86110010
16021351,86110048
16021351,86110084
16021351,86110253
16021351,86110273
16021351,86110345
16021351,86110628
16021351,86110629
16021351,86110824
16021351,86110877
16021351,86110878
16021351,86110894
16021351,86110909
16021351,86110920
16021351,86110928
16021351,86110936
16021351,86110937
16021351,86410026
16021353,86110001
16021353,86110002
16021353,86110004
16021353,86110010
16021353,86110048
16021353,86110084
16021353,86110253
16021353,86110273
16021353,86110527
16021353,86110628
16021353,86110629
16021353,86110896
16021353,86110936
16021353,86110937
16021355,86110001
16021355,86110002
16021355,86110004
16021355,86110009
16021355,86110010
16021355,86110048
16021355,86110084
16021355,86110253
16021355,86110273
16021355,86110345
16021355,86110628
16021355,86110629
16021355,86110824
16021355,86110909
16021357,86110001
16021357,86110002
16021357,86110004
16021357,86110009
16021357,86110010
16021357,86110048
16021357,86110084
16021357,86110253
16021357,86110273
16021357,86110345
16021357,86110628
16021357,86110629
16021357,86110824
16021357,86110877
16021357,86110878
16021357,86110894
16021357,86110896
16021357,86110909
16021357,86110920
16021357,86110928
16021357,86110936
16021357,86110937
16021357,86410026
16021357,86410038
16021357,86410039
16021359,86110001
16021359,86110002
16021359,86110004
16021359,86110010
16021359,86110253
16021359,86110273
16021359,86110345
16021359,86110628
16021359,86110629
16021359,86110824
16021359,86110909
16021359,86110936
16021359,86110937
16021361,86110001
16021361,86110002
16021361,86110004
16021361,86110010
16021361,86110048
16021361,86110084
16021361,86110273
16021361,86110345
16021361,86110628
16021361,86110629
16021361,86110802
16021361,86110813
16021361,86110824
16021361,86110877
16021361,86110878
16021361,86110894
16021361,86110909
16021361,86110936
16021361,86110937
16021361,86410026
16021363,86110001
16021363,86110002
16021363,86110004
16021363,86110010
16021363,86110048
16021363,86110084
16021363,86110273
16021363,86110345
16021363,86110583
16021363,86110628
16021363,86110629
16021363,86110824
16021363,86110829
16021363,86110894
16021363,86110909
16021363,86110936
16021363,86110937
16021363,86110952
16021363,86110964
16021363,86410026
16021363,86410034
16021363,86410039
16021365,86110896
16021369,86110001
16021369,86110002
16021369,86110004
16021369,86110009
16021369,86110010
16021369,86110048
16021369,86110084
16021369,86110253
16021369,86110273
16021369,86110354
16021369,86110527
16021369,86110628
16021369,86110629
16021369,86110718
16021369,86110802
16021369,86110824
16021369,86110894
16021369,86110896
16021369,86110909
16021369,86110936
16021369,86110937
16021369,86110964
16021371,86110001
16021371,86110002
16021371,86110004
16021371,86110010
16021371,86110084
16021371,86110253
16021371,86110527
16021371,86110628
16021371,86110629
16021371,86110813
16021371,86110824
16021371,86110894
16021371,86110909
16021371,86110920
16021371,86110931
16021371,86110932
16021371,86110936
16021371,86110937
16021371,86410038
16021371,86410039
16021373,86110001
16021373,86110002
16021373,86110004
16021373,86110009
16021373,86110010
16021373,86110048
16021373,86110084
16021373,86110253
16021373,86110273
16021373,86110527
16021373,86110583
16021373,86110628
16021373,86110629
16021373,86110824
16021373,86110829
16021373,86110877
16021373,86110878
16021373,86110909
16021373,86110920
16021373,86110928
16021373,86110936
16021373,86110937
16021373,86410026
16021376,86110001
16021376,86110002
16021376,86110004
16021376,86110009
16021376,86110010
16021376,86110048
16021376,86110084
16021376,86110096
16021376,86110253
16021376,86110273
16021376,86110345
16021376,86110354
16021376,86110527
16021376,86110583
16021376,86110628
16021376,86110629
16021376,86110802
16021376,86110824
16021376,86110877
16021376,86110878
16021376,86110894
16021376,86110896
16021376,86110909
16021376,86110920
16021376,86110922
16021376,86110928
16021376,86110936
16021376,86110937
16021376,86110964
16021378,86110001
16021378,86110002
16021378,86110004
16021378,86110010
16021378,86110048
16021378,86110084
16021378,86110253
16021378,86110273
16021378,86110345
16021378,86110628
16021378,86110629
16021378,86110824
16021378,86110877
16021378,86110878
16021378,86110894
16021378,86110909
16021378,86110920
16021378,86110922
16021378,86110931
16021378,86110932
16021378,86110936
16021378,86110937
16021378,86110964
16021378,86410026
16021380,86110001
16021380,86110002
16021380,86110004
16021380,86110009
16021380,86110010
16021380,86110048
16021380,86110084
16021380,86110253
16021380,86110273
16021380,86110628
16021380,86110629
16021380,86110824
16021380,86110877
16021380,86110878
16021380,86110896
16021380,86110909
16021380,86110920
16021380,86110922
16021380,86110936
16021380,86110937
16021380,86410026
16021382,86110001
16021382,86110002
16021382,86110004
16021382,86110009
16021382,86110010
16021382,86110048
16021382,86110084
16021382,86110253
16021382,86110273
16021382,86110345
16021382,86110527
16021382,86110628
16021382,86110629
16021382,86110824
16021382,86110877
16021382,86110878
16021382,86110909
16021382,86110928
16021382,86110931
16021382,86110936
16021382,86110937
16021382,86410026
16021384,86110001
16021384,86110002
16021384,86110004
16021384,86110010
16021384,86110048
16021384,86110084
16021384,86110253
16021384,86110273
16021384,86110345
16021384,86110489
16021384,86110498
16021384,86110527
16021384,86110628
16021384,86110629
16021384,86110718
16021384,86110824
16021384,86110894
16021384,86110896
16021384,86110909
16021384,86110936
16021384,86110937
16021384,86110964
16021387,86110001
16021387,86110002
16021387,86110004
16021387,86110009
16021387,86110010
16021387,86110048
16021387,86110084
16021387,86110096
16021387,86110253
16021387,86110273
16021387,86110345
16021387,86110354
16021387,86110498
16021387,86110527
16021387,86110583
16021387,86110628
16021387,86110629
16021387,86110718
16021387,86110894
16021387,86110896
16021387,86110909
16021387,86110931
16021387,86110932
16021387,86110936
16021387,86110937
16021387,86212085
16021387,86410026
16021389,86110001
16021389,86110002
16021389,86110004
16021389,86110009
16021389,86110010
16021389,86110048
16021389,86110084
16021389,86110096
16021389,86110253
16021389,86110273
16021389,86110354
16021389,86110498
16021389,86110527
16021389,86110583
16021389,86110628
16021389,86110629
16021389,86110718
16021389,86110824
16021389,86110877
16021389,86110878
16021389,86110894
16021389,86110909
16021389,86110920
16021389,86110931
16021389,86110936
16021389,86110937
16021389,86110952
16021389,86110964
16021389,86212085
16021391,86110002
16021391,86110009
16021391,86110010
16021391,86110084
16021391,86110253
16021391,86110273
16021391,86110345
16021391,86110527
16021391,86110583
16021391,86110628
16021391,86110629
16021391,86110802
16021391,86110824
16021391,86110877
16021391,86110878
16021391,86110894
16021391,86110896
16021391,86110909
16021391,86110920
16021391,86110928
16021391,86110931
16021391,86110932
16021391,86110936
16021391,86110937
16021391,86110945
16021391,86110992
16021391,86410026
16021391,86410034
16021391,86410038
16021391,86410039
16021394,86110001
16021394,86110002
16021394,86110004
16021394,86110010
16021394,86110048
16021394,86110084
16021394,86110273
16021394,86110489
16021394,86110527
16021394,86110718
16021394,86110824
16021394,86110829
16021394,86110877
16021394,86110909
16021394,86110928
16021396,86110001
16021396,86110002
16021396,86110004
16021396,86110010
16021396,86110048
16021396,86110084
16021396,86110253
16021396,86110273
16021396,86110345
16021396,86110527
16021396,86110628
16021396,86110629
16021396,86110824
16021396,86110894
16021396,86110896
16021396,86110909
16021396,86110932
16021396,86110936
16021396,86110937
16021396,86110964
16021396,86410026
16021398,86110001
16021398,86110002
16021398,86110004
16021398,86110010
16021398,86110084
16021398,86110253
16021398,86110273
16021398,86110527
16021398,86110628
16021398,86110629
16021398,86110824
16021398,86110909
16021398,86110936
16021398,86110937
16021398,86110964
16021398,86410026
16021400,86110001
16021400,86110002
16021400,86110004
16021400,86110009
16021400,86110010
16021400,86110048
16021400,86110084
16021400,86110096
16021400,86110253
16021400,86110273
16021400,86110345
16021400,86110527
16021400,86110628
16021400,86110629
16021400,86110802
16021400,86110824
16021400,86110877
16021400,86110909
16021400,86110920
16021400,86110922
16021400,86110928
16021400,86110931
16021400,86110932
16021400,86110936
16021400,86110937
16021400,86110992
16021400,86410026
16021400,86410034
16021402,86110001
16021402,86110002
16021402,86110004
16021402,86110009
16021402,86110010
16021402,86110048
16021402,86110084
16021402,86110253
16021402,86110273
16021402,86110345
16021402,86110628
16021402,86110629
16021402,86110802
16021402,86110824
16021402,86110894
16021402,86110896
16021402,86110909
16021402,86110936
16021402,86110937
16021402,86110964
16021402,86410034
16021404,86110001
16021404,86110002
16021404,86110004
16021404,86110009
16021404,86110010
16021404,86110048
16021404,86110084
16021404,86110273
16021404,86110345
16021404,86110527
16021404,86110628
16021404,86110629
16021404,86110718
16021404,86110824
16021404,86110861
16021404,86110909
16021404,86110928
16021404,86110936
16021404,86110937
16021404,86110945
16021406,86110001
16021406,86110002
16021406,86110004
16021406,86110009
16021406,86110010
16021406,86110048
16021406,86110084
16021406,86110096
16021406,86110253
16021406,86110273
16021406,86110354
16021406,86110498
16021406,86110527
16021406,86110628
16021406,86110629
16021406,86110718
16021406,86110802
16021406,86110824
16021406,86110878
16021406,86110894
16021406,86110909
16021406,86110920
16021406,86110936
16021406,86110937
16021406,86110952
16021406,86212085
16021406,86410026
16021409,86110001
16021409,86110002
16021409,86110009
16021409,86110010
16021409,86110048
16021409,86110084
16021409,86110096
16021409,86110253
16021409,86110273
16021409,86110345
16021409,86110354
16021409,86110527
16021409,86110802
16021409,86110896
16021409,86110931
16021409,86110932
16021409,86110936
16021409,86110937
16021409,86110992
16021409,86212085
16021411,86110001
16021411,86110002
16021411,86110004
16021411,86110010
16021411,86110048
16021411,86110084
16021411,86110253
16021411,86110273
16021411,86110345
16021411,86110354
16021411,86110527
16021411,86110628
16021411,86110629
16021411,86110824
16021411,86110878
16021411,86110894
16021411,86110909
16021411,86110920
16021411,86110928
16021411,86110936
16021411,86110937
16021411,86110964
16021411,86410026
16021413,86110001
16021413,86110002
16021413,86110004
16021413,86110009
16021413,86110010
16021413,86110048
16021413,86110084
16021413,86110096
16021413,86110253
16021413,86110273
16021413,86110345
16021413,86110354
16021413,86110527
16021413,86110628
16021413,86110629
16021413,86110824
16021413,86110878
16021413,86110894
16021413,86110909
16021413,86110920
16021413,86110922
16021413,86110928
16021413,86110932
16021413,86110936
16021413,86110937
16021413,86110945
16021413,86110952
16021413,86410026
16021413,86410038
16021413,86410039
16021416,86110001
16021416,86110002
16021416,86110004
16021416,86110009
16021416,86110010
16021416,86110048
16021416,86110084
16021416,86110253
16021416,86110273
16021416,86110527
16021416,86110628
16021416,86110629
16021416,86110824
16021416,86110878
16021416,86110894
16021416,86110909
16021416,86110920
16021416,86110928
16021416,86110936
16021416,86110937
16021416,86410026
16021418,86110001
16021418,86110002
16021418,86110004
16021418,86110009
16021418,86110010
16021418,86110048
16021418,86110084
16021418,86110253
16021418,86110273
16021418,86110345
16021418,86110628
16021418,86110629
16021418,86110802
16021418,86110824
16021418,86110896
16021418,86110909
16021418,86110936
16021418,86110937
16021421,86110496
16021421,86110794
16021421,86210002
16021421,86210006
16021421,86210012
16021421,86210024
16021421,86210027
16021421,86210627
16021421,86210852
16021421,86211109
16021421,86211111
16021421,86211132
16021421,86211133
16021421,86211421
16021421,86211431
16021421,86211568
16021421,86211640
16021421,86211646
16021421,86211655
16021421,86212065
16021421,86212105
16021421,86212128
16021421,86212363
16021421,86212388
16021421,86212461
16021421,86212464
16021421,86212567
16021421,86212575
16021421,86212614
16021421,86212620
16021421,86212623
16021421,86212626
16021421,86410034
16021423,86110496
16021425,86110496
16021427,86110496
16021427,86110794
16021427,86210002
16021427,86210012
16021427,86210024
16021427,86210027
16021427,86210627
16021427,86210852
16021427,86211109
16021427,86211110
16021427,86211111
16021427,86211344
16021427,86211421
16021427,86211431
16021427,86211568
16021427,86211640
16021427,86211646
16021427,86211693
16021427,86211832
16021427,86212010
16021427,86212065
16021427,86212088
16021427,86212105
16021427,86212111
16021427,86212128
16021427,86212342
16021427,86212351
16021427,86212388
16021427,86212413
16021427,86212436
16021427,86212455
16021427,86212461
16021427,86212464
16021427,86212465
16021427,86212556
16021427,86212567
16021427,86212572
16021427,86212575
16021427,86212577
16021427,86212615
16021427,86212620
16021427,86212623
16021427,86212626
16021427,86212632
16021427,86410026
16021427,86410034
16021429,86110496
16021429,86210002
16021429,86210024
16021429,86210027
16021429,86210489
16021429,86210627
16021429,86210852
16021429,86211640
16021429,86211693
16021429,86211832
16021429,86212010
16021429,86212065
16021429,86212128
16021429,86212268
16021429,86212342
16021429,86212345
16021429,86212351
16021429,86212363
16021429,86212435
16021429,86212461
16021429,86212464
16021429,86212504
16021429,86212614
16021429,86212620
16021429,86212623
16021429,86410026
16021431,86110496
16021431,86110794
16021431,86210002
16021431,86210006
16021431,86210024
16021431,86210027
16021431,86210394
16021431,86210627
16021431,86210852
16021431,86211111
16021431,86211133
16021431,86211431
16021431,86211568
16021431,86211640
16021431,86211646
16021431,86211693
16021431,86211832
16021431,86212010
16021431,86212065
16021431,86212105
16021431,86212128
16021431,86212268
16021431,86212305
16021431,86212342
16021431,86212345
16021431,86212351
16021431,86212436
16021431,86212461
16021431,86212503
16021431,86212572
16021431,86212575
16021431,86212578
16021431,86212615
16021431,86212620
16021431,86212623
16021431,86212626
16021433,86110496
16021433,86110794
16021433,86210002
16021433,86210024
16021433,86210027
16021433,86210215
16021433,86210852
16021433,86211111
16021433,86211431
16021433,86211640
16021433,86211646
16021433,86212010
16021433,86212105
16021433,86212345
16021433,86212368
16021433,86212504
16021433,86212623
16021433,86212626
16021435,86110496
16021437,86110496
16021437,86110794
16021437,86210002
16021437,86210024
16021437,86210027
16021437,86210489
16021437,86210627
16021437,86210852
16021437,86211109
16021437,86211111
16021437,86211132
16021437,86211431
16021437,86211568
16021437,86211640
16021437,86211646
16021437,86211693
16021437,86211832
16021437,86211996
16021437,86212010
16021437,86212065
16021437,86212105
16021437,86212123
16021437,86212128
16021437,86212268
16021437,86212342
16021437,86212345
16021437,86212455
16021437,86212623
16021437,86212626
16021437,86410026
16021439,86110496
16021439,86210002
16021439,86210027
16021439,86211111
16021439,86211431
16021439,86211568
16021439,86211640
16021439,86211646
16021439,86211823
16021439,86212105
16021439,86212342
16021439,86212344
16021439,86212345
16021439,86212351
16021439,86212461
16021439,86212572
16021439,86212577
16021439,86212615
16021439,86212620
16021439,86212623
16021439,86212626
16021439,86212632
16021439,86410034
16021441,86110496
16021441,86210002
16021441,86210024
16021441,86210027
16021441,86210489
16021441,86210852
16021441,86211111
16021441,86211640
16021441,86211646
16021441,86211693
16021441,86211823
16021441,86212010
16021441,86212105
16021441,86212128
16021441,86212268
16021441,86212342
16021441,86212351
16021441,86212572
16021441,86212620
16021441,86212623
16021441,86212626
16021443,86110496
16021443,86110794
16021443,86210002
16021443,86210006
16021443,86210024
16021443,86210027
16021443,86210394
16021443,86210489
16021443,86210627
16021443,86210802
16021443,86210852
16021443,86211109
16021443,86211111
16021443,86211133
16021443,86211431
16021443,86211640
16021443,86211832
16021443,86212010
16021443,86212065
16021443,86212105
16021443,86212342
16021443,86212567
16021443,86212614
16021443,86212620
16021443,86212626
16021445,86110496
16021445,86210027
16021445,86210489
16021445,86210852
16021445,86211111
16021445,86211431
16021445,86211640
16021445,86211646
16021445,86211655
16021445,86211693
16021445,86212030
16021445,86212105
16021445,86212111
16021445,86212128
16021445,86212268
16021445,86212342
16021445,86212504
16021445,86212577
16021445,86212623
16021447,86110496
16021447,86110794
16021447,86210002
16021447,86210024
16021447,86210027
16021447,86210489
16021447,86210627
16021447,86210852
16021447,86211344
16021447,86211431
16021447,86211568
16021447,86211640
16021447,86211646
16021447,86211655
16021447,86211832
16021447,86212065
16021447,86212105
16021447,86212111
16021447,86212128
16021447,86212342
16021447,86212351
16021447,86212388
16021447,86212567
16021447,86212572
16021447,86212575
16021447,86212614
16021447,86212615
16021447,86212620
16021447,86212626
16021447,86410034
16021449,86110496
16021451,86110496
16021451,86110794
16021451,86210002
16021451,86210024
16021451,86210027
16021451,86210489
16021451,86210627
16021451,86210852
16021451,86211111
16021451,86211132
16021451,86211133
16021451,86211421
16021451,86211431
16021451,86211568
16021451,86211640
16021451,86211646
16021451,86211693
16021451,86211832
16021451,86212010
16021451,86212065
16021451,86212105
16021451,86212268
16021451,86212342
16021451,86212344
16021451,86212345
16021451,86212351
16021451,86212368
16021451,86212388
16021451,86212435
16021451,86212455
16021451,86212461
16021451,86212577
16021451,86212615
16021451,86212620
16021451,86212623
16021451,86212626
16021451,86410026
16021451,86410034
16021453,86210006
16021453,86210027
16021453,86210852
16021453,86211285
16021453,86211414
16021453,86211421
16021453,86211431
16021453,86211640
16021453,86211746
16021453,86211848
16021453,86211968
16021453,86212069
16021453,86212179
16021453,86212313
16021453,86212339
16021453,86212345
16021453,86212381
16021453,86212563
16021453,86212564
16021453,86212565
16021453,86212566
16021453,86212577
16021453,86212804
16021455,86110496
16021455,86110793
16021455,86210006
16021455,86210027
16021455,86210852
16021455,86210925
16021455,86211285
16021455,86211421
16021455,86211431
16021455,86211640
16021455,86211676
16021455,86211693
16021455,86211746
16021455,86211848
16021455,86212069
16021455,86212088
16021455,86212345
16021455,86212381
16021455,86212388
16021455,86212434
16021455,86212564
16021455,86212566
16021457,86210006
16021457,86210027
16021457,86210852
16021457,86211431
16021457,86211640
16021457,86211968
16021457,86212069
16021457,86212313
16021457,86212339
16021457,86212564
16021457,86212804
16021459,86110496
16021461,86110496
16021461,86110794
16021461,86210002
16021461,86210015
16021461,86210027
16021461,86210489
16021461,86210802
16021461,86210852
16021461,86211040
16021461,86211421
16021461,86211568
16021461,86211640
16021461,86211693
16021461,86212010
16021461,86212065
16021461,86212105
16021461,86212128
16021461,86212268
16021461,86212342
16021461,86212345
16021461,86212351
16021461,86212455
16021461,86212464
16021461,86212504
16021461,86212567
16021461,86212572
16021461,86212623
16021461,86212626
16021461,86410034
16021463,86110496
16021463,86110794
16021463,86210002
16021463,86210627
16021463,86210792
16021463,86211111
16021463,86211568
16021463,86211640
16021463,86211646
16021463,86211996
16021463,86212010
16021463,86212016
16021463,86212105
16021463,86212123
16021463,86212268
16021463,86212305
16021463,86212342
16021463,86212351
16021463,86212577
16021463,86212620
16021463,86212623
16021463,86212626
16021465,86110496
16021465,86210002
16021465,86210024
16021465,86210027
16021465,86210627
16021465,86210852
16021465,86211111
16021465,86211133
16021465,86211346
16021465,86211421
16021465,86211431
16021465,86211568
16021465,86211640
16021465,86211646
16021465,86211693
16021465,86212016
16021465,86212065
16021465,86212105
16021465,86212123
16021465,86212128
16021465,86212345
16021465,86212351
16021465,86212388
16021465,86212464
16021465,86212483
16021465,86212567
16021465,86212577
16021465,86212620
16021465,86212623
16021465,86212626
16021465,86212632
16021467,86110496
16021467,86210002
16021467,86210024
16021467,86210027
16021467,86210215
16021467,86210489
16021467,86210852
16021467,86211111
16021467,86211133
16021467,86211568
16021467,86211646
16021467,86212010
16021467,86212351
16021467,86212368
16021467,86212435
16021467,86212455
16021467,86212461
16021467,86212620
16021469,86110496
16021471,86110496
16021471,86110794
16021471,86210002
16021471,86210006
16021471,86210012
16021471,86210024
16021471,86210027
16021471,86210215
16021471,86210627
16021471,86210802
16021471,86210852
16021471,86211040
16021471,86211111
16021471,86211421
16021471,86211431
16021471,86211568
16021471,86211640
16021471,86211646
16021471,86211693
16021471,86211832
16021471,86212016
16021471,86212065
16021471,86212105
16021471,86212111
16021471,86212128
16021471,86212268
16021471,86212342
16021471,86212345
16021471,86212351
16021471,86212368
16021471,86212461
16021471,86212556
16021471,86212567
16021471,86212572
16021471,86212577
16021471,86212614
16021471,86212620
16021471,86212623
16021471,86212626
16021471,86410026
16021471,86410034
16021473,86110496
16021473,86110794
16021473,86210002
16021473,86210024
16021473,86210027
16021473,86210627
16021473,86210852
16021473,86211040
16021473,86211111
16021473,86211344
16021473,86211421
16021473,86211431
16021473,86211568
16021473,86211640
16021473,86211646
16021473,86211693
16021473,86211832
16021473,86212010
16021473,86212065
16021473,86212105
16021473,86212128
16021473,86212268
16021473,86212342
16021473,86212345
16021473,86212351
16021473,86212388
16021473,86212461
16021473,86212577
16021473,86212620
16021473,86212623
16021473,86212626
16021473,86410026
16021475,86110496
16021477,86110496
16021477,86110794
16021477,86210002
16021477,86210024
16021477,86210027
16021477,86210489
16021477,86210627
16021477,86210802
16021477,86210852
16021477,86211109
16021477,86211111
16021477,86211421
16021477,86211568
16021477,86211640
16021477,86211646
16021477,86211693
16021477,86211832
16021477,86212010
16021477,86212016
16021477,86212105
16021477,86212111
16021477,86212123
16021477,86212128
16021477,86212268
16021477,86212342
16021477,86212351
16021477,86212362
16021477,86212388
16021477,86212572
16021477,86212615
16021477,86212620
16021477,86212626
16021477,86212811
16021477,86410034
16021479,86110496
16021479,86110794
16021479,86210002
16021479,86210012
16021479,86210024
16021479,86210027
16021479,86210627
16021479,86210852
16021479,86211111
16021479,86211431
16021479,86211640
16021479,86211646
16021479,86211693
16021479,86211832
16021479,86212010
16021479,86212065
16021479,86212105
16021479,86212111
16021479,86212128
16021479,86212268
16021479,86212342
16021479,86212345
16021479,86212351
16021479,86212368
16021479,86212461
16021479,86212615
16021479,86212620
16021479,86212626
16021479,86410026
16021479,86410034
16021481,86110496
16021481,86110794
16021481,86210002
16021481,86210006
16021481,86210012
16021481,86210015
16021481,86210024
16021481,86210027
16021481,86210489
16021481,86210627
16021481,86210852
16021481,86211111
16021481,86211568
16021481,86211640
16021481,86211646
16021481,86211693
16021481,86211832
16021481,86212010
16021481,86212016
16021481,86212065
16021481,86212105
16021481,86212111
16021481,86212128
16021481,86212267
16021481,86212268
16021481,86212342
16021481,86212351
16021481,86212388
16021481,86212461
16021481,86212567
16021481,86212575
16021481,86212577
16021481,86212614
16021481,86212615
16021481,86212620
16021481,86212626
16021481,86212632
16021481,86410034
16021483,86110001
16021483,86110002
16021483,86110004
16021483,86110009
16021483,86110010
16021483,86110048
16021483,86110084
16021483,86110095
16021483,86110273
16021483,86110527
16021483,86110628
16021483,86110629
16021483,86110813
16021483,86110824
16021483,86110877
16021483,86110909
16021483,86110928
16021483,86110931
16021483,86110936
16021483,86110937
16021483,86110964
16021485,86110004
16021485,86110009
16021485,86110010
16021485,86110048
16021485,86110084
16021485,86110253
16021485,86110273
16021485,86110345
16021485,86110628
16021485,86110629
16021485,86110824
16021485,86110877
16021485,86110878
16021485,86110894
16021485,86110909
16021485,86110920
16021485,86110922
16021485,86110928
16021485,86110936
16021485,86110937
