ID,Label,AGE,GENDER,MARITAL_STATUS,MONTHLY_INCOME_WHITHOUT_TAX,LOANTYPE,GAGE_TOTLE_PRICE,APPLY_AMOUNT,APPLY_TERM_TIME,APPLY_INTEREST_RATE,PAYMENT_TYPE
1,1,3,0,3,0,1,1,0,5,2,0
2,1,3,0,2,0,1,1,0,5,3,0
3,1,3,0,2,0,0,4,2,5,2,0
4,0,3,0,0,0,1,4,2,5,0,0
5,0,3,0,0,0,1,4,2,5,4,0
6,1,3,0,3,0,0,1,0,5,1,0
7,0,3,0,2,0,1,0,2,5,0,0
8,0,3,0,3,0,1,0,2,5,0,1
9,0,3,0,3,0,0,1,0,5,0,0
10,1,3,0,3,0,0,1,0,5,1,0
11,1,3,0,2,0,1,1,0,5,4,1
12,0,3,1,0,0,0,1,0,5,2,0
13,1,3,1,3,0,1,1,0,5,1,0
14,1,3,0,3,0,1,1,2,5,1,0
15,0,3,0,0,0,1,0,0,5,0,0
16,1,3,0,0,0,1,4,0,5,4,1
17,1,1,1,3,0,1,1,0,5,0,0
18,0,1,1,0,0,1,4,0,5,0,1
19,1,1,1,3,0,1,1,0,5,1,0
20,1,1,0,0,0,0,1,0,5,4,0
21,1,1,1,0,0,0,1,0,5,1,0
22,1,1,0,3,0,1,1,0,5,4,0
23,1,1,0,3,0,1,1,0,5,4,0
24,1,1,0,0,0,1,0,1,5,2,1
25,1,1,1,0,0,1,4,2,5,1,1
26,1,1,1,3,0,0,1,0,5,0,1
27,0,1,1,0,0,1,1,0,5,0,0
28,1,1,1,0,0,1,0,2,5,2,1
29,1,1,1,2,0,1,4,0,5,1,1
30,0,1,0,0,0,1,0,2,5,0,1
31,1,1,1,0,0,1,1,0,5,2,0
32,0,1,0,0,0,1,1,0,5,4,0
33,1,1,1,0,0,1,1,2,5,1,0
34,0,1,1,3,0,1,1,0,5,0,0
35,0,4,1,0,0,1,0,0,5,0,0
36,1,4,0,0,0,1,2,1,5,1,1
37,0,4,1,3,0,1,1,0,5,4,0
38,1,4,1,0,0,0,1,0,5,1,1
39,1,4,0,3,0,1,1,0,5,4,1
40,0,4,1,0,0,0,4,0,5,4,0
41,1,4,1,2,0,1,1,2,5,1,1
42,1,4,0,0,0,1,1,2,5,1,0
43,1,4,1,0,0,1,1,2,5,1,0
44,1,4,1,0,0,0,4,2,5,2,0
45,1,4,0,0,0,1,1,0,5,3,1
46,0,4,1,3,0,0,1,0,5,2,0
47,1,4,1,0,0,1,0,1,5,2,0
48,1,4,1,0,0,0,0,2,5,1,0
49,1,4,1,0,0,0,1,0,5,2,0
50,1,4,0,3,0,1,1,0,5,2,0
51,1,4,0,0,0,1,0,2,5,3,0
52,0,4,1,3,0,1,4,2,5,4,0
53,0,4,1,3,0,1,0,0,5,4,1
54,1,4,1,2,0,1,1,0,5,3,0
55,1,4,0,0,0,1,1,0,5,2,0
56,0,4,0,0,0,1,4,0,5,0,0
57,1,4,1,3,0,1,1,2,5,1,0
58,1,4,0,3,0,1,0,1,5,1,0
59,0,4,0,0,0,1,4,2,5,4,0
60,1,4,1,3,0,1,1,0,5,2,0
61,0,4,0,3,0,1,4,0,5,0,0
62,1,4,0,0,0,0,1,0,5,2,0
63,0,4,0,0,0,1,4,0,5,0,1
64,1,4,1,0,0,0,1,0,5,1,0
65,1,4,0,0,0,0,1,0,5,2,0
66,1,4,1,0,0,1,4,2,5,4,0
67,1,4,0,0,0,0,4,1,5,1,0
68,1,4,0,0,0,1,1,0,5,1,0
69,1,4,1,3,0,1,4,2,5,2,0
70,1,4,0,0,0,1,4,2,5,3,0
71,1,2,1,0,0,1,1,0,5,1,0
72,1,2,0,3,0,1,1,0,5,1,0
73,1,2,1,0,0,1,1,0,5,2,0
74,0,2,1,3,0,1,4,0,5,4,0
75,0,2,0,0,0,1,2,1,5,0,0
76,1,2,1,3,0,0,1,0,5,1,1
77,1,2,0,0,0,0,4,2,5,3,0
78,1,2,1,3,0,1,4,2,5,1,0
79,0,2,1,3,0,1,0,2,5,0,0
80,1,2,0,3,0,1,1,0,5,1,1
81,0,2,1,0,0,1,3,3,5,4,0
82,1,2,0,2,0,1,1,0,5,2,0
83,1,2,0,2,0,1,0,1,5,1,0
84,1,2,1,0,0,1,1,0,5,4,0
85,1,2,1,0,0,1,4,0,5,1,0
86,1,2,0,1,0,0,1,0,5,4,0
87,0,2,1,0,0,0,1,0,5,4,0
88,0,2,1,0,0,0,1,0,5,2,0
89,1,2,1,0,0,0,4,2,5,4,0
90,0,2,1,0,0,1,1,0,5,4,0
91,0,2,1,0,0,0,4,0,5,0,0
92,0,2,0,0,0,1,0,2,5,4,0
93,0,0,0,2,0,1,4,0,5,0,0
94,1,0,1,0,0,0,1,0,5,1,1
95,0,0,1,0,0,1,1,0,5,4,1
96,1,0,1,0,0,0,1,0,5,4,0
97,1,0,0,3,0,1,0,1,5,0,1
98,1,0,1,0,0,1,3,3,5,4,1
99,0,0,1,0,0,0,0,0,5,4,0
100,0,0,1,0,0,0,1,0,5,4,0
101,0,0,1,0,0,0,1,0,5,0,0
102,1,0,1,0,0,0,1,0,5,1,0
103,1,0,0,0,0,1,1,0,5,1,1
104,0,0,1,0,0,0,1,0,5,2,0
105,1,0,1,0,0,1,1,2,5,1,0
106,0,0,1,0,0,0,1,0,5,4,0
107,1,3,1,3,0,0,1,2,4,3,0
108,1,3,1,3,0,1,1,2,4,1,0
109,1,3,0,3,0,1,1,0,4,0,0
110,1,3,1,3,0,1,1,2,4,1,0
111,0,3,1,3,0,1,4,2,4,4,1
112,0,3,0,3,0,1,4,0,4,0,0
113,0,3,0,3,0,1,4,0,4,0,0
114,1,3,0,3,0,1,1,0,4,3,0
115,0,3,1,2,0,1,4,0,4,0,0
116,1,3,1,3,0,1,1,0,4,1,0
117,1,3,0,2,0,1,1,0,4,1,1
118,0,3,1,3,0,0,1,0,4,0,0
119,0,3,1,3,0,0,1,0,4,0,0
120,0,3,0,0,0,0,1,0,4,0,0
121,0,3,0,0,0,1,0,2,4,0,1
122,1,3,0,0,0,1,1,0,4,4,0
123,1,3,1,3,0,1,1,0,4,3,1
124,1,3,1,3,0,1,1,0,4,1,0
125,1,3,1,3,0,0,1,0,4,2,1
126,0,3,1,3,0,0,1,0,4,2,0
127,0,3,1,2,0,1,1,0,4,4,0
128,1,3,0,3,0,0,1,0,4,3,0
129,1,3,1,0,0,1,1,0,4,3,0
130,0,3,1,0,0,1,4,0,4,0,0
131,0,3,0,0,0,1,1,0,4,0,0
132,0,3,0,0,0,1,4,0,4,0,0
133,1,3,0,3,0,0,1,0,4,1,0
134,1,3,0,0,0,1,1,0,4,4,0
135,1,3,0,0,0,1,4,1,4,3,0
136,0,3,1,3,0,0,1,0,4,0,1
137,1,3,1,3,0,1,4,2,4,4,1
138,0,3,0,3,0,1,4,0,4,0,0
139,1,1,0,3,0,1,1,0,4,3,0
140,0,1,0,3,0,0,1,0,4,2,0
141,0,1,1,3,0,1,1,0,4,4,0
142,1,1,0,2,0,0,0,1,4,1,0
143,0,1,1,3,0,1,0,2,4,0,0
144,0,1,1,0,0,1,4,0,4,4,0
145,0,1,1,3,0,1,4,2,4,0,1
146,1,1,1,3,0,0,1,0,4,1,0
147,0,1,1,3,0,1,4,0,4,0,1
148,0,1,1,3,0,1,4,0,4,4,0
149,0,1,0,2,0,1,4,0,4,0,0
150,1,1,1,3,0,1,1,0,4,1,0
151,1,1,1,0,0,1,1,0,4,1,0
152,1,1,1,3,0,0,1,0,4,1,0
153,0,1,0,2,0,1,1,0,4,0,0
154,0,1,1,0,0,1,4,2,4,0,0
155,1,1,0,0,0,1,1,0,4,3,0
156,0,1,0,2,0,1,4,2,4,4,1
157,1,1,0,0,0,1,1,2,4,1,0
158,0,1,0,3,0,1,1,0,4,0,1
159,1,1,1,0,0,0,1,0,4,1,0
160,0,1,0,0,0,0,1,0,4,0,0
161,0,1,0,0,0,1,4,2,4,0,1
162,1,1,1,3,0,1,4,2,4,1,1
163,1,1,1,3,0,1,1,0,4,3,0
164,0,1,0,3,0,1,1,0,4,4,0
165,0,1,1,0,0,1,4,2,4,4,0
166,0,1,0,0,0,1,1,0,4,0,1
167,1,1,0,0,0,0,1,0,4,2,1
168,0,1,1,0,0,0,4,0,4,4,0
169,1,1,0,2,0,0,1,0,4,1,1
170,1,1,1,0,0,1,1,2,4,1,0
171,1,1,0,3,0,0,1,0,4,2,0
172,0,1,1,3,0,0,0,0,4,0,1
173,0,1,1,3,0,1,4,0,4,0,1
174,0,1,1,3,0,0,4,0,4,0,0
175,0,1,0,3,0,1,4,0,4,4,0
176,0,1,1,3,0,1,4,2,4,0,0
177,1,1,1,0,0,0,1,0,4,4,0
178,0,1,0,0,0,1,1,0,4,4,0
179,0,1,1,0,0,0,1,0,4,2,0
180,0,1,0,0,0,1,4,2,4,0,1
181,0,1,0,2,0,1,4,2,4,0,0
182,0,1,1,0,0,1,4,2,4,0,0
183,0,1,0,0,0,1,1,0,4,0,0
184,1,1,1,3,0,1,1,0,4,1,0
185,1,1,1,3,0,1,1,0,4,1,0
186,1,1,0,0,0,0,1,0,4,1,0
187,0,1,0,3,0,1,4,2,4,4,0
188,0,1,1,0,0,1,4,0,4,4,1
189,1,1,1,3,0,1,4,0,4,3,0
190,1,1,1,0,0,1,4,2,4,1,0
191,0,1,0,0,0,1,0,0,4,4,0
192,0,1,0,0,0,1,1,0,4,0,0
193,0,1,0,0,0,1,2,1,4,0,1
194,0,1,0,0,0,1,4,0,4,0,0
195,0,1,1,0,0,1,4,2,4,0,1
196,1,1,1,0,0,0,4,2,4,3,0
197,0,4,1,0,0,0,4,0,4,0,1
198,1,4,1,0,0,1,1,2,4,0,1
199,0,4,1,3,0,1,1,0,4,0,0
200,1,4,1,0,0,1,4,0,4,4,1
201,1,4,0,0,0,1,4,2,4,3,1
202,1,4,0,3,0,0,4,2,4,3,0
203,1,4,1,0,0,1,1,0,4,1,0
204,1,4,0,0,0,0,4,2,4,1,0
205,1,4,0,0,0,0,1,0,4,1,0
206,1,4,1,3,0,1,1,2,4,4,0
207,1,4,0,0,0,1,1,2,4,3,1
208,1,4,0,0,0,1,1,0,4,3,0
209,0,4,1,0,0,1,0,0,4,0,0
210,1,4,1,0,0,1,4,0,4,3,0
211,1,4,1,0,0,0,0,1,4,1,0
212,1,4,1,0,0,1,1,0,4,3,1
213,0,4,1,0,0,1,4,2,4,4,0
214,0,4,0,0,0,1,4,0,4,0,1
215,0,4,0,3,0,0,1,0,4,0,0
216,0,4,0,0,0,0,1,0,4,2,0
217,0,4,0,0,0,1,4,2,4,0,0
218,1,4,1,0,0,1,4,2,4,1,0
219,0,4,0,2,0,1,4,2,4,0,1
220,0,4,0,3,0,1,4,0,4,4,1
221,0,4,1,0,0,1,4,0,4,0,1
222,0,4,0,2,0,1,0,2,4,4,0
223,1,4,1,0,0,0,1,0,4,1,0
224,1,4,1,0,0,0,1,0,4,1,0
225,0,4,0,0,0,1,4,2,4,0,1
226,0,4,1,3,0,1,4,2,4,0,0
227,1,4,1,0,3,0,4,2,4,2,0
228,1,4,1,0,0,1,1,0,4,3,0
229,1,4,0,0,0,0,1,0,4,3,1
230,0,4,1,3,0,1,1,0,4,0,0
231,0,4,1,0,0,1,0,2,4,0,1
232,0,4,1,3,0,1,4,0,4,4,0
233,1,4,1,3,0,1,1,2,4,1,0
234,1,4,1,3,0,1,4,2,4,3,0
235,1,4,1,0,0,1,4,2,4,3,0
236,0,4,0,2,0,1,4,0,4,0,1
237,1,4,0,0,0,1,4,0,4,1,1
238,0,4,1,0,0,1,0,2,4,4,1
239,1,4,0,0,0,1,4,2,4,1,0
240,1,4,0,0,0,1,0,1,4,1,0
241,0,4,1,0,0,1,4,0,4,4,1
242,0,4,1,2,0,1,0,2,4,4,0
243,0,4,1,0,0,0,1,0,4,4,0
244,0,4,1,0,0,0,1,0,4,2,0
245,0,4,1,0,0,0,1,0,4,0,0
246,0,4,1,0,0,1,4,0,4,0,1
247,1,4,1,0,0,1,4,2,4,1,1
248,0,4,1,0,0,0,2,1,4,4,0
249,0,4,1,0,0,1,4,0,4,0,0
250,0,4,1,3,0,1,4,2,4,0,0
251,0,4,0,3,0,1,4,2,4,0,0
252,0,4,0,0,0,0,1,0,4,4,1
253,1,4,0,0,0,0,4,2,4,3,1
254,1,4,1,0,0,0,1,0,4,1,0
255,0,4,0,0,0,1,1,0,4,4,1
256,1,4,1,3,0,0,4,2,4,4,0
257,1,2,0,0,0,1,1,0,4,3,0
258,0,2,0,0,0,0,4,0,4,0,1
259,0,2,1,0,0,0,1,0,4,0,0
260,0,2,1,3,0,1,4,0,4,0,0
261,0,2,0,0,0,0,1,0,4,2,0
262,1,2,1,0,0,1,1,2,4,3,1
263,0,2,0,0,0,1,0,2,4,0,0
264,1,2,1,1,0,1,4,2,4,1,1
265,1,2,0,3,0,1,1,0,4,2,1
266,0,2,0,0,0,1,0,2,4,0,1
267,1,2,1,0,0,1,4,2,4,4,1
268,1,2,1,3,0,1,1,0,4,3,0
269,0,2,1,0,0,1,4,2,4,4,0
270,1,2,0,0,0,0,1,0,4,1,0
271,1,2,1,0,0,1,1,0,4,1,0
272,0,2,0,0,0,0,1,0,4,4,0
273,1,2,0,0,0,0,0,1,4,3,0
274,0,2,0,0,0,0,1,0,4,3,0
275,1,2,0,0,0,1,4,2,4,1,0
276,0,2,1,0,0,1,4,2,4,0,0
277,1,2,0,2,0,1,1,0,4,3,0
278,1,2,0,2,0,1,4,2,4,1,0
279,0,2,1,0,0,0,1,0,4,2,0
280,1,2,1,0,3,1,1,0,4,0,0
281,1,2,1,0,0,0,1,0,4,1,1
282,0,2,1,0,0,0,4,0,4,0,1
283,0,2,1,0,0,1,4,2,4,0,0
284,0,2,1,0,0,1,0,2,4,0,1
285,0,2,1,0,0,1,4,0,4,4,0
286,1,2,1,0,0,1,4,2,4,3,0
287,1,2,1,2,0,1,1,0,4,4,0
288,1,2,1,3,0,1,1,0,4,1,1
289,1,2,0,0,0,1,1,0,4,1,0
290,0,2,1,0,0,1,0,2,4,4,1
291,1,2,1,0,0,0,1,0,4,2,0
292,0,2,0,2,0,1,4,0,4,0,1
293,1,2,1,0,0,1,1,2,4,1,1
294,0,2,0,0,0,1,4,0,4,4,0
295,1,2,0,0,0,1,1,0,4,3,0
296,0,2,0,0,0,1,4,0,4,0,0
297,1,2,0,0,3,1,1,0,4,3,0
298,1,2,0,0,3,1,1,0,4,3,0
299,1,2,0,2,0,1,4,0,4,1,0
300,1,2,0,0,0,1,4,2,4,0,1
301,1,2,1,0,0,1,4,2,4,1,0
302,1,2,1,0,0,1,0,1,4,1,1
303,1,2,1,0,0,1,0,1,4,4,1
304,0,2,0,0,0,1,0,1,4,4,0
305,0,2,1,0,0,1,4,0,4,0,0
306,1,2,0,3,0,1,4,2,4,1,0
307,0,2,0,0,0,1,0,2,4,0,0
308,1,2,0,0,0,1,0,1,4,2,1
309,0,2,0,0,0,0,1,0,4,2,0
310,0,2,1,0,0,0,1,0,4,2,0
311,1,2,0,0,0,0,1,0,4,3,0
312,1,2,1,0,0,0,0,1,4,4,0
313,1,2,0,0,0,1,4,2,4,1,1
314,1,2,1,0,0,1,4,2,4,3,0
315,1,2,0,3,0,1,4,2,4,3,0
316,1,2,1,0,0,1,1,2,4,1,1
317,1,2,0,2,0,1,1,0,4,1,1
318,0,2,1,0,0,0,1,0,4,4,1
319,0,2,0,0,0,0,4,0,4,4,0
320,0,0,0,0,0,1,4,0,4,4,0
321,0,0,1,3,0,1,1,0,4,4,0
322,0,0,1,0,0,1,0,0,4,0,1
323,1,0,1,0,0,1,4,0,4,1,0
324,1,0,0,3,0,1,4,2,4,1,0
325,1,0,1,0,0,0,4,2,4,4,1
326,1,0,0,0,0,1,0,1,4,1,0
327,0,0,1,0,0,1,0,2,4,0,0
328,0,0,1,3,0,1,2,2,4,0,0
329,0,0,1,0,0,1,0,2,4,0,1
330,1,0,1,0,0,0,1,0,4,3,0
331,1,0,0,0,0,0,4,2,4,3,0
332,0,0,1,0,0,1,0,2,4,0,1
333,0,0,1,2,0,1,4,2,4,0,0
334,0,0,1,2,0,0,4,0,4,4,1
335,0,0,0,0,0,1,1,0,4,0,1
336,1,0,0,0,0,1,1,0,4,4,1
337,1,0,1,0,0,0,1,0,4,1,0
338,1,0,0,0,0,1,0,1,4,0,0
339,0,0,0,0,0,1,4,0,4,4,0
340,1,0,1,0,0,1,4,0,4,1,0
341,1,0,1,0,0,1,1,0,4,4,0
342,0,0,0,1,0,1,1,0,4,4,0
343,1,0,1,0,0,1,1,0,4,3,0
344,0,0,1,0,0,1,0,2,4,4,0
345,1,0,1,0,0,0,1,0,4,3,1
346,1,0,1,2,0,1,4,2,4,1,0
347,1,0,1,0,0,1,1,0,4,4,0
348,0,0,1,2,0,1,4,0,4,0,0
349,1,0,0,3,0,1,1,0,4,1,1
350,1,0,0,3,0,1,1,0,4,1,1
351,1,0,0,3,0,1,1,0,4,1,1
352,1,0,0,0,0,0,4,2,4,1,0
353,0,0,1,2,0,1,4,0,4,0,0
354,1,0,1,0,0,1,4,2,4,2,0
355,0,0,1,0,0,1,4,0,4,4,0
356,0,0,0,0,0,1,0,2,4,0,1
357,1,0,1,0,0,1,1,0,4,1,0
358,1,0,0,1,0,0,1,2,4,1,0
359,1,0,1,3,0,0,4,2,4,1,1
360,0,3,1,3,0,0,1,0,3,2,0
361,0,3,0,3,0,0,1,0,3,0,0
362,0,3,1,2,0,0,1,0,3,0,0
363,0,3,1,3,0,1,4,0,3,0,0
364,1,3,0,3,0,1,1,0,3,4,0
365,0,3,0,0,0,1,4,2,3,4,0
366,0,3,1,3,0,1,4,2,3,0,0
367,1,3,1,3,0,1,1,0,3,2,0
368,1,3,0,0,0,1,4,2,3,1,1
369,1,3,1,3,0,1,1,0,3,2,0
370,0,3,0,3,0,1,1,0,3,0,0
371,0,3,0,2,0,1,1,0,3,0,0
372,0,3,0,0,0,1,4,0,3,0,0
373,0,3,1,3,0,1,4,0,3,0,0
374,0,3,1,0,0,0,1,0,3,0,0
375,1,3,0,3,0,1,1,0,3,1,0
376,0,3,1,3,0,1,0,2,3,0,0
377,0,3,0,3,0,1,4,0,3,0,1
378,0,3,1,3,0,1,4,0,3,4,1
379,1,3,0,3,0,1,1,0,3,1,0
380,0,3,0,0,0,0,1,0,3,0,0
381,0,3,1,3,0,0,1,0,3,0,0
382,0,3,1,0,0,0,1,0,3,2,0
383,0,3,0,0,3,0,1,0,3,0,0
384,0,3,1,3,0,1,1,0,3,0,0
385,0,3,1,3,0,1,1,0,3,0,0
386,1,3,0,3,0,1,1,0,3,3,1
387,1,3,1,0,0,1,1,0,3,0,0
388,0,3,1,3,0,0,1,0,3,0,0
389,0,3,1,3,0,1,4,2,3,4,0
390,0,3,0,0,0,1,4,0,3,0,0
391,0,3,1,3,0,0,4,0,3,0,1
392,0,3,1,3,0,0,1,0,3,0,1
393,0,3,1,3,0,1,4,2,3,0,0
394,0,3,1,2,0,1,4,0,3,0,0
395,0,3,0,0,0,1,4,0,3,4,0
396,0,3,1,3,0,1,1,0,3,4,0
397,0,3,1,3,0,1,4,0,3,0,1
398,1,3,0,2,0,1,1,2,3,1,0
399,0,3,0,3,0,1,1,0,3,4,0
400,1,3,0,0,0,1,1,0,3,1,0
401,0,3,0,3,0,0,1,0,3,0,0
402,1,3,1,3,0,0,1,0,3,1,1
403,0,3,0,2,0,0,1,0,3,2,0
404,0,3,1,0,0,0,1,0,3,0,0
405,0,3,1,3,0,0,4,0,3,0,0
406,0,3,0,3,0,1,1,0,3,0,1
407,0,3,0,0,0,0,1,0,3,2,0
408,0,3,1,3,0,1,1,0,3,4,0
409,1,3,0,2,0,1,1,0,3,4,0
410,1,3,1,0,0,1,1,2,3,1,0
411,1,3,1,0,0,1,1,0,3,4,0
412,1,3,1,3,0,1,1,0,3,3,0
413,0,3,0,0,0,1,1,0,3,4,0
414,0,3,1,3,0,1,4,0,3,0,1
415,1,3,1,3,0,1,1,0,3,1,0
416,0,3,0,3,0,1,4,0,3,0,0
417,1,3,1,3,0,1,1,0,3,1,0
418,0,3,1,3,0,1,1,0,3,0,0
419,1,3,0,2,3,1,1,2,3,0,0
420,1,3,1,3,0,1,1,0,3,1,1
421,0,3,1,2,0,0,1,0,3,2,0
422,0,1,1,0,0,1,1,0,3,0,0
423,1,1,0,3,0,1,1,0,3,1,0
424,1,1,0,0,0,1,1,0,3,3,0
425,0,1,1,0,0,1,1,0,3,0,0
426,0,1,0,3,0,1,4,2,3,4,0
427,1,1,1,0,0,0,1,0,3,1,0
428,1,1,1,0,0,0,1,0,3,3,0
429,0,1,1,3,0,1,4,0,3,0,0
430,0,1,0,0,0,1,4,0,3,4,0
431,1,1,1,3,0,1,1,2,3,2,0
432,1,1,0,0,0,1,1,2,3,4,0
433,0,1,1,0,0,1,1,0,3,0,0
434,0,1,1,0,0,1,4,0,3,0,0
435,0,1,0,3,0,1,4,2,3,4,0
436,0,1,0,0,0,1,4,2,3,0,0
437,1,1,0,3,0,0,1,0,3,1,1
438,0,1,1,3,0,0,1,0,3,0,0
439,1,1,0,3,0,1,1,2,3,4,0
440,0,1,0,3,0,0,1,0,3,0,0
441,0,1,1,0,0,0,1,0,3,0,0
442,0,1,0,0,0,0,1,0,3,2,0
443,0,1,1,3,0,0,1,0,3,2,0
444,0,1,0,2,0,0,1,0,3,0,0
445,0,1,0,0,0,0,4,2,3,0,0
446,1,1,1,3,0,1,1,0,3,1,0
447,0,1,0,3,0,1,1,0,3,0,0
448,0,1,1,0,0,0,1,0,3,0,1
449,0,1,0,3,0,1,4,0,3,0,0
450,1,1,0,0,0,1,1,0,3,1,1
451,1,1,1,3,0,0,1,0,3,1,0
452,1,1,1,0,0,1,1,2,3,0,0
453,1,1,1,3,0,1,1,0,3,4,0
454,0,1,0,3,0,1,1,0,3,4,1
455,0,1,1,3,0,1,1,0,3,0,1
456,0,1,1,3,0,0,1,0,3,2,0
457,1,1,1,0,0,0,1,0,3,3,0
458,0,1,1,2,0,0,1,0,3,2,0
459,0,1,0,3,0,1,4,2,3,0,0
460,0,1,1,0,0,0,1,0,3,0,0
461,1,1,0,0,0,1,1,0,3,3,1
462,0,1,0,0,0,1,4,2,3,0,1
463,1,1,0,0,0,1,4,2,3,2,1
464,0,1,1,0,0,1,0,2,3,0,0
465,0,1,0,0,0,1,4,0,3,4,0
466,1,1,0,0,0,1,4,2,3,3,0
467,1,1,1,3,0,1,0,1,3,3,0
468,0,1,1,2,0,0,4,0,3,4,0
469,1,1,1,3,0,1,1,0,3,4,0
470,0,1,1,0,0,1,4,0,3,0,0
471,1,1,0,0,0,1,1,0,3,1,0
472,1,1,1,0,0,1,1,0,3,4,1
473,0,1,1,3,0,1,1,0,3,4,1
474,0,1,1,3,0,0,1,0,3,0,0
475,0,1,1,0,0,0,1,0,3,2,0
476,1,1,0,0,0,1,1,0,3,1,0
477,0,1,1,3,0,0,4,0,3,0,0
478,1,1,1,3,0,1,4,2,3,3,0
479,0,1,1,0,0,1,4,2,3,0,0
480,1,1,0,0,0,1,1,0,3,3,0
481,0,1,0,3,0,0,1,0,3,4,1
482,1,1,1,0,0,1,1,0,3,4,1
483,0,1,0,0,0,1,4,2,3,0,0
484,1,1,0,3,0,1,1,0,3,4,1
485,0,1,1,0,0,1,4,2,3,4,1
486,1,1,0,0,0,1,1,0,3,3,0
487,1,1,1,0,0,1,1,0,3,4,0
488,1,1,0,0,0,1,0,1,3,0,0
489,1,1,0,0,0,1,1,0,3,4,0
490,0,1,1,0,0,0,1,0,3,0,0
491,0,1,0,0,0,1,4,0,3,4,0
492,1,1,0,3,0,1,4,2,3,1,0
493,1,1,1,0,0,1,4,2,3,1,0
494,0,1,1,0,0,1,4,0,3,0,1
495,0,1,1,2,0,1,4,0,3,0,0
496,1,1,1,0,0,1,1,0,3,1,1
497,1,1,1,0,0,1,1,0,3,0,1
498,0,1,1,2,0,1,4,2,3,0,0
499,1,1,0,3,0,0,0,0,3,3,0
500,1,4,1,3,0,1,1,2,3,1,0
501,1,4,1,0,0,1,1,0,3,3,1
502,0,4,1,0,0,0,1,0,3,2,0
503,1,4,0,2,0,1,1,0,3,3,1
504,0,4,0,3,0,0,4,0,3,0,0
505,1,4,0,3,0,0,1,0,3,1,0
506,0,4,0,0,0,0,4,0,3,0,0
507,1,4,0,0,0,1,1,0,3,4,0
508,0,4,0,0,0,1,4,2,3,0,1
509,0,4,1,3,0,1,4,2,3,4,0
510,0,4,1,0,0,1,4,2,3,0,0
511,0,4,0,0,0,1,4,2,3,0,0
512,0,4,1,0,0,1,1,0,3,4,0
513,1,4,0,0,0,1,1,0,3,4,0
514,0,4,1,0,0,1,4,0,3,0,0
515,1,4,0,0,0,0,1,0,3,3,1
516,0,4,1,0,0,0,1,0,3,0,1
517,0,4,0,0,0,0,1,0,3,2,0
518,1,4,1,0,0,0,1,0,3,2,0
519,0,4,0,3,0,1,1,0,3,4,0
520,1,4,1,3,0,1,4,2,3,2,1
521,0,4,0,3,0,1,4,2,3,4,0
522,0,4,0,0,0,1,4,2,3,0,1
523,1,4,1,3,0,1,1,0,3,1,0
524,0,4,1,0,0,1,1,0,3,4,0
525,0,4,1,0,0,1,4,2,3,0,0
526,1,4,0,0,0,1,1,0,3,1,0
527,1,4,0,2,0,0,1,2,3,1,0
528,0,4,1,0,0,1,4,0,3,0,0
529,0,4,0,3,0,1,4,2,3,0,0
530,0,4,1,0,0,0,1,0,3,0,0
531,0,4,0,0,0,1,4,2,3,4,0
532,1,4,0,0,0,1,4,2,3,0,0
533,1,4,1,0,0,1,1,2,3,1,0
534,0,4,0,0,0,1,4,2,3,4,0
535,1,4,0,0,0,1,1,2,3,4,1
536,0,4,0,2,0,1,4,0,3,4,0
537,0,4,0,3,0,0,1,0,3,0,0
538,1,4,1,3,0,1,4,2,3,2,0
539,0,4,1,3,0,0,4,0,3,4,1
540,1,4,0,3,0,1,1,0,3,1,0
541,1,4,0,3,0,1,1,0,3,1,0
542,0,4,0,0,0,0,4,2,3,4,1
543,0,4,1,0,0,1,0,2,3,4,1
544,0,4,1,0,0,0,1,0,3,2,0
545,0,4,1,0,0,0,1,0,3,0,0
546,0,4,1,0,0,0,1,0,3,0,0
547,1,4,0,0,0,1,1,0,3,3,1
548,1,4,1,3,0,1,0,1,3,1,1
549,1,4,0,0,0,0,1,0,3,1,1
550,1,4,1,3,0,1,1,2,3,1,0
551,0,4,1,0,0,1,4,2,3,0,0
552,1,4,1,0,0,1,0,1,3,4,0
553,1,4,0,3,0,1,4,2,3,2,1
554,1,4,1,0,0,1,1,0,3,3,0
555,1,4,0,0,0,1,1,0,3,3,0
556,0,4,0,0,0,1,4,0,3,0,0
557,1,4,1,0,0,0,1,0,3,3,0
558,0,4,1,0,0,1,1,0,3,4,0
559,1,4,1,0,0,0,4,2,3,3,0
560,0,4,0,0,0,1,0,2,3,0,0
561,0,4,1,3,0,1,4,2,3,0,0
562,0,4,1,0,0,1,0,2,3,0,0
563,1,4,1,0,0,1,1,0,3,4,1
564,0,4,1,0,0,0,1,0,3,4,0
565,1,4,1,3,0,1,0,1,3,1,0
566,0,4,1,0,0,1,1,0,3,0,0
567,0,4,0,2,0,0,1,0,3,0,0
568,0,4,0,0,0,0,1,0,3,0,0
569,0,4,1,0,0,1,1,0,3,4,0
570,1,4,0,2,0,1,1,0,3,0,0
571,0,4,1,2,0,1,4,2,3,0,1
572,0,4,1,2,0,0,1,0,3,2,0
573,0,4,0,3,0,1,4,2,3,0,0
574,0,4,0,0,0,1,0,2,3,4,0
575,0,4,1,0,0,1,4,0,3,0,0
576,0,4,1,0,0,1,4,0,3,4,0
577,1,4,0,0,0,0,1,0,3,1,0
578,0,4,0,0,0,1,2,2,3,0,0
579,0,4,1,0,0,0,1,0,3,4,0
580,1,2,1,0,0,1,1,0,3,3,0
581,0,2,1,2,0,1,1,0,3,0,0
582,0,2,1,0,0,0,1,0,3,2,0
583,0,2,0,0,0,1,4,0,3,0,0
584,0,2,1,0,0,1,4,2,3,0,0
585,0,2,1,0,0,1,4,0,3,0,0
586,0,2,0,0,0,0,1,0,3,2,0
587,1,2,1,0,0,0,1,0,3,3,0
588,1,2,0,0,0,1,4,2,3,2,0
589,1,2,0,0,0,1,1,0,3,3,0
590,1,2,0,2,0,0,1,0,3,3,0
591,0,2,1,0,0,1,0,2,3,0,0
592,1,2,1,0,0,0,4,0,3,1,0
593,0,2,1,0,0,1,2,1,3,0,0
594,1,2,0,0,0,0,1,0,3,3,0
595,0,2,1,0,0,0,1,0,3,0,0
596,0,2,1,0,0,0,1,0,3,0,0
597,0,2,1,0,0,1,1,0,3,3,0
598,0,2,1,2,0,0,1,0,3,2,0
599,1,2,1,0,0,1,1,0,3,4,0
600,0,2,0,0,0,1,0,2,3,4,0
601,0,2,1,0,0,1,4,0,3,0,0
602,1,2,0,0,0,1,1,0,3,0,0
603,1,2,1,3,0,1,1,0,3,1,0
604,1,2,1,0,0,1,1,2,3,1,0
605,1,2,0,2,0,1,1,0,3,1,0
606,0,2,1,0,0,1,4,0,3,0,1
607,1,2,0,0,0,0,4,2,3,1,0
608,1,2,1,0,0,0,1,0,3,3,0
609,1,2,1,0,0,1,0,1,3,3,1
610,0,2,1,0,0,0,1,0,3,0,0
611,1,2,0,0,0,0,1,0,3,3,0
612,0,2,1,2,0,0,1,0,3,0,0
613,0,2,0,3,0,1,1,0,3,4,0
614,1,2,1,0,0,1,1,0,3,3,1
615,1,2,1,0,0,0,1,2,3,1,1
616,1,2,0,0,0,1,4,2,3,3,0
617,1,2,0,2,0,1,1,0,3,4,0
618,0,2,1,0,0,1,0,2,3,0,0
619,0,2,1,3,0,1,4,0,3,0,0
620,0,2,1,2,0,1,4,0,3,0,0
621,0,2,0,3,0,1,1,0,3,0,0
622,0,2,0,0,0,1,4,2,3,4,0
623,0,2,0,3,0,1,4,2,3,2,0
624,0,2,1,2,0,1,0,2,3,4,0
625,1,2,0,0,0,1,1,2,3,3,0
626,0,2,0,0,0,1,3,3,3,0,0
627,1,2,1,0,0,1,1,0,3,4,0
628,0,2,0,3,0,1,4,0,3,0,1
629,0,2,1,0,0,1,0,1,3,4,0
630,0,0,0,0,0,0,2,1,3,0,1
631,1,0,1,0,0,0,4,2,3,1,0
632,0,0,0,0,0,1,4,0,3,4,1
633,0,0,1,0,0,1,4,2,3,0,0
634,0,0,1,3,0,1,4,0,3,0,0
635,1,0,1,0,0,1,4,2,3,3,0
636,1,0,1,2,0,1,1,0,3,0,0
637,0,0,0,0,0,0,4,0,3,4,0
638,1,0,1,0,0,1,1,0,3,1,0
639,0,0,0,0,0,1,4,2,3,0,0
640,1,0,1,1,0,0,4,2,3,3,0
641,0,0,1,0,0,0,0,2,3,4,0
642,1,0,1,0,0,1,1,0,3,3,0
643,1,0,1,0,0,1,1,0,3,3,0
644,1,0,1,0,0,1,1,0,3,3,0
645,1,0,1,0,0,1,1,0,3,3,0
646,1,0,1,0,0,1,1,0,3,3,0
647,1,0,1,0,0,1,1,0,3,3,0
648,0,0,1,2,0,1,4,2,3,0,0
649,0,0,0,0,0,1,4,0,3,4,1
650,0,3,1,3,0,1,4,2,2,0,0
651,0,3,0,0,0,0,0,2,2,4,0
652,1,3,0,3,0,1,1,0,2,3,1
653,0,3,1,3,0,1,4,2,2,4,0
654,0,3,0,3,0,0,0,2,2,0,0
655,1,3,0,2,0,1,1,0,2,1,0
656,0,3,0,3,0,0,4,2,2,4,0
657,0,3,1,3,0,1,1,0,2,4,0
658,1,3,0,2,0,0,4,2,2,3,0
659,0,3,1,3,0,1,1,0,2,0,1
660,0,3,0,3,0,0,0,2,2,4,0
661,1,3,0,2,0,0,4,2,2,4,0
662,0,3,0,3,0,1,1,0,2,4,1
663,0,3,1,3,0,1,0,2,2,0,0
664,0,3,0,3,0,0,4,0,2,0,0
665,0,3,1,3,0,1,4,0,2,0,0
666,1,3,0,3,0,1,1,2,2,1,0
667,1,3,0,3,0,1,4,2,2,4,0
668,0,3,0,3,0,0,0,2,2,4,0
669,0,3,1,3,0,1,4,0,2,0,0
670,1,3,0,3,0,1,1,2,2,1,0
671,1,3,0,3,0,1,1,0,2,4,0
672,0,3,1,3,0,1,4,0,2,0,1
673,1,3,0,0,0,1,1,0,2,1,0
674,1,3,1,3,0,1,1,0,2,2,0
675,1,3,0,3,0,0,1,0,2,0,0
676,0,3,1,3,0,1,0,2,2,0,1
677,0,3,0,3,0,1,1,0,2,0,0
678,1,3,0,3,0,1,1,0,2,3,0
679,0,3,1,3,0,1,4,2,2,0,0
680,1,3,1,3,0,1,2,1,2,1,0
681,0,3,0,3,0,1,1,0,2,0,0
682,0,3,0,0,0,1,1,0,2,4,1
683,0,3,1,3,0,1,4,2,2,4,0
684,0,3,0,0,0,1,1,0,2,4,0
685,1,3,0,3,0,1,1,0,2,1,0
686,1,3,0,3,0,1,1,0,2,1,0
687,0,3,1,3,0,1,0,0,2,0,0
688,0,3,1,3,0,1,1,0,2,4,0
689,0,3,0,3,0,1,4,2,2,4,0
690,0,3,0,0,0,1,4,2,2,0,0
691,1,3,0,3,0,1,1,0,2,1,1
692,1,3,1,2,0,1,4,2,2,4,1
693,0,3,1,3,0,0,2,1,2,4,0
694,0,3,0,3,0,0,4,0,2,4,0
695,0,3,0,0,0,1,4,2,2,4,1
696,0,3,0,3,0,1,4,0,2,0,1
697,1,3,0,0,0,1,1,0,2,3,0
698,0,3,1,0,0,1,1,0,2,0,0
699,0,3,1,3,0,1,4,0,2,4,0
700,0,3,0,3,0,1,1,0,2,0,0
701,0,3,1,3,0,1,1,0,2,0,0
702,1,3,1,3,0,1,1,2,2,1,0
703,1,3,0,3,0,1,1,0,2,1,0
704,0,3,0,0,0,1,4,0,2,4,0
705,1,3,0,0,0,1,1,0,2,0,0
706,0,3,0,0,0,1,4,0,2,0,0
707,1,3,0,3,0,1,4,2,2,1,1
708,0,3,1,3,0,1,1,0,2,0,0
709,0,3,0,3,0,0,4,2,2,4,0
710,0,3,1,3,0,1,4,0,2,0,0
711,1,3,0,3,0,1,1,0,2,2,1
712,0,3,1,3,0,1,4,0,2,0,0
713,0,3,1,3,0,1,4,0,2,0,0
714,0,3,1,3,0,1,4,0,2,0,0
715,0,3,0,2,0,1,4,0,2,0,0
716,0,3,0,0,0,1,0,2,2,4,0
717,0,3,0,3,0,1,0,0,2,4,0
718,0,3,0,3,0,1,1,0,2,0,0
719,0,3,0,0,0,1,4,2,2,0,0
720,0,3,0,3,0,1,4,0,2,0,0
721,1,3,1,3,0,0,4,2,2,0,0
722,1,3,1,0,0,1,1,0,2,3,0
723,0,3,1,3,0,1,1,0,2,0,0
724,1,3,0,3,0,1,1,0,2,1,0
725,1,3,1,3,0,1,1,0,2,0,0
726,1,3,1,3,0,1,1,0,2,4,1
727,1,3,1,3,0,1,1,0,2,3,0
728,1,3,0,0,0,1,0,1,2,1,1
729,1,3,0,3,0,1,1,2,2,1,0
730,0,3,0,3,0,1,4,0,2,0,0
731,0,3,0,0,0,1,4,2,2,0,0
732,0,3,1,3,0,1,4,0,2,4,0
733,1,3,1,3,0,0,4,2,2,3,0
734,0,3,0,3,2,1,4,2,2,0,0
735,1,3,0,0,0,1,1,0,2,3,0
736,0,3,1,3,0,0,4,2,2,0,0
737,1,3,0,3,0,1,1,0,2,2,0
738,1,3,0,2,0,1,1,2,2,1,0
739,1,3,1,3,0,1,4,2,2,0,1
740,0,3,1,3,0,1,4,2,2,0,0
741,0,3,1,3,0,1,4,0,2,0,0
742,0,3,1,3,0,1,4,2,2,0,0
743,0,3,1,3,0,1,4,0,2,4,0
744,1,3,1,3,0,1,1,0,2,4,0
745,1,3,1,3,0,1,1,0,2,1,0
746,0,3,1,3,0,1,4,2,2,0,0
747,0,3,0,3,0,1,1,0,2,4,0
748,0,3,1,3,0,0,4,0,2,4,0
749,1,3,1,3,0,0,1,0,2,1,0
750,1,3,0,3,0,1,1,0,2,0,0
751,0,3,0,3,0,1,4,0,2,0,0
752,1,3,1,0,0,1,1,0,2,0,1
753,0,3,1,0,0,1,4,0,2,0,0
754,0,3,0,0,0,1,4,0,2,0,0
755,0,3,1,3,0,1,4,2,2,4,0
756,0,3,0,3,0,1,4,0,2,4,0
757,1,3,0,3,0,1,1,0,2,0,0
758,0,3,1,3,0,1,4,0,2,0,0
759,0,3,0,0,0,1,4,0,2,4,1
760,1,3,1,3,0,1,4,2,2,1,0
761,1,3,1,2,0,1,4,2,2,1,0
762,0,3,1,2,0,1,4,2,2,0,0
763,0,3,1,3,0,1,4,0,2,0,0
764,0,3,1,0,0,1,1,0,2,4,0
765,0,3,1,0,0,1,4,0,2,0,1
766,0,3,1,0,0,1,4,2,2,0,0
767,0,3,0,0,0,1,0,2,2,0,0
768,0,3,0,0,0,0,0,2,2,0,1
769,1,3,1,3,0,0,1,0,2,3,0
770,0,3,0,0,0,1,1,0,2,0,0
771,0,3,1,3,0,1,4,0,2,0,0
772,0,3,0,2,0,1,1,0,2,0,0
773,0,3,1,3,0,1,1,2,2,0,0
774,1,3,1,2,0,1,1,0,2,3,1
775,1,3,0,3,0,1,4,2,2,3,1
776,1,3,1,3,0,1,1,2,2,1,0
777,0,3,1,3,0,1,4,0,2,0,0
778,0,3,1,3,0,1,1,0,2,0,0
779,0,3,0,2,0,1,1,0,2,0,1
780,0,3,1,3,0,1,4,2,2,0,0
781,0,3,0,0,0,0,0,2,2,0,0
782,1,3,0,2,0,1,1,0,2,3,0
783,0,3,0,2,0,1,1,0,2,4,0
784,0,3,1,0,0,1,4,0,2,0,0
785,1,3,0,0,0,1,1,0,2,3,0
786,0,3,1,3,0,1,4,0,2,0,0
787,0,3,0,2,0,1,1,0,2,4,0
788,1,1,0,0,0,1,1,0,2,3,0
789,0,1,1,2,0,1,1,0,2,0,1
790,1,1,1,3,0,0,1,0,2,1,0
791,0,1,1,3,0,1,4,0,2,4,0
792,1,1,1,3,0,1,1,2,2,1,0
793,0,1,0,3,0,1,4,0,2,0,0
794,1,1,1,0,0,1,1,0,2,0,0
795,0,1,1,3,0,1,4,0,2,4,0
796,0,1,0,0,0,1,4,0,2,0,0
797,1,1,1,3,0,1,4,2,2,3,1
798,1,1,0,3,0,0,1,0,2,0,1
799,1,1,1,2,0,1,1,2,2,4,0
800,0,1,0,3,0,1,4,2,2,0,0
801,0,1,0,3,0,1,4,0,2,0,0
802,1,1,1,3,0,1,1,0,2,1,0
803,0,1,1,2,0,1,4,0,2,4,0
804,1,1,1,3,0,0,1,0,2,0,0
805,0,1,0,3,0,1,4,0,2,4,0
806,0,1,0,0,0,0,4,0,2,0,0
807,1,1,0,2,0,1,1,2,2,3,0
808,0,1,1,3,0,1,1,0,2,0,0
809,0,1,0,2,0,1,4,0,2,0,0
810,1,1,1,0,0,1,1,0,2,1,0
811,0,1,1,3,0,1,4,0,2,0,1
812,1,1,1,3,0,1,1,2,2,4,0
813,1,1,0,3,0,1,1,0,2,3,0
814,1,1,0,3,0,0,1,0,2,3,0
815,1,1,1,2,0,1,1,0,2,4,0
816,1,1,0,0,0,1,1,0,2,3,0
817,0,1,0,0,0,0,4,0,2,4,0
818,0,1,1,2,0,1,1,0,2,0,0
819,1,1,0,3,0,1,1,0,2,1,0
820,0,1,1,3,0,1,4,0,2,0,1
821,0,1,0,2,0,1,1,0,2,0,1
822,1,1,0,2,0,1,1,2,2,2,0
823,1,1,0,0,0,1,4,2,2,1,1
824,1,1,0,3,0,0,4,2,2,1,0
825,0,1,1,3,0,1,1,0,2,4,0
826,0,1,1,3,0,1,0,0,2,4,0
827,0,1,1,0,0,1,4,2,2,0,0
828,0,1,1,0,0,0,4,0,2,0,1
829,0,1,1,3,0,1,0,2,2,0,0
830,0,1,1,0,0,1,4,2,2,0,0
831,0,1,1,3,0,1,4,2,2,0,1
832,0,1,1,3,0,1,0,2,2,0,0
833,1,1,0,3,0,1,4,2,2,2,0
834,1,1,0,3,0,0,1,0,2,3,0
835,1,1,0,0,0,0,1,0,2,1,0
836,0,1,0,3,0,1,1,0,2,4,0
837,0,1,1,3,0,0,4,0,2,0,0
838,1,1,0,0,0,1,1,2,2,1,1
839,0,1,1,0,0,1,1,0,2,0,0
840,1,1,0,0,0,1,1,0,2,4,1
841,1,1,1,3,0,1,1,0,2,3,0
842,1,1,1,3,0,1,1,0,2,3,0
843,1,1,1,3,0,1,1,0,2,3,0
844,0,1,1,3,0,1,4,2,2,0,0
845,0,1,1,3,0,1,4,2,2,0,0
846,1,1,0,3,0,0,0,1,2,3,0
847,0,1,0,0,0,1,4,0,2,0,0
848,0,1,1,0,0,1,0,2,2,4,0
849,0,1,1,0,0,1,4,0,2,4,0
850,1,1,1,3,0,0,1,0,2,3,0
851,1,1,1,3,0,0,1,0,2,4,1
852,0,1,1,0,0,1,1,0,2,0,0
853,0,1,0,0,0,1,4,2,2,0,1
854,1,1,1,3,0,1,1,0,2,4,0
855,1,1,1,3,0,1,4,2,2,2,0
856,1,1,1,3,0,1,4,2,2,0,0
857,0,1,1,3,0,1,4,2,2,0,0
858,1,1,1,0,0,1,1,0,2,3,0
859,0,1,1,0,0,1,4,2,2,4,0
860,0,1,0,0,0,1,1,0,2,0,0
861,1,1,0,0,0,0,1,2,2,2,1
862,1,1,0,3,0,1,1,0,2,4,0
863,0,1,0,0,0,1,1,0,2,4,0
864,0,1,1,0,0,1,4,2,2,0,1
865,0,1,1,0,0,1,1,0,2,0,0
866,1,1,0,0,0,0,2,1,2,1,0
867,0,1,1,3,0,1,4,0,2,0,0
868,0,1,1,0,0,1,4,2,2,0,0
869,0,1,0,0,0,0,1,0,2,0,0
870,0,1,0,0,0,1,4,2,2,4,0
871,0,1,0,0,0,1,4,0,2,0,0
872,1,1,1,0,0,1,1,0,2,1,0
873,1,1,1,0,0,1,1,0,2,0,1
874,1,1,0,2,0,1,1,2,2,0,1
875,1,1,0,2,0,1,1,0,2,4,1
876,1,1,1,0,0,1,1,0,2,1,0
877,0,1,0,2,0,1,1,0,2,4,0
878,0,1,1,3,0,1,4,2,2,0,1
879,0,1,0,3,0,1,4,2,2,0,0
880,1,1,1,3,0,1,1,0,2,3,0
881,0,1,1,3,0,1,0,2,2,0,0
882,0,1,0,3,0,1,4,2,2,0,0
883,0,1,1,0,0,1,4,2,2,0,0
884,0,1,0,3,0,1,1,0,2,0,1
885,0,1,1,3,0,1,4,0,2,0,0
886,1,1,1,3,0,1,1,2,2,1,0
887,0,1,1,3,0,1,4,0,2,0,0
888,0,1,1,2,0,1,4,0,2,0,1
889,0,1,0,3,0,1,1,0,2,0,0
890,1,1,1,3,0,1,1,0,2,3,0
891,1,1,0,3,0,1,1,0,2,3,0
892,1,1,0,3,0,1,1,0,2,1,0
893,0,1,1,0,0,1,1,0,2,4,0
894,0,1,1,0,0,1,4,2,2,0,0
895,0,1,1,1,0,1,4,2,2,0,0
896,1,1,0,2,0,1,1,0,2,1,0
897,0,1,0,3,0,1,4,0,2,4,0
898,1,1,1,0,0,1,1,2,2,3,0
899,1,1,0,3,0,1,1,0,2,0,0
900,1,1,0,3,0,1,1,0,2,1,0
901,0,1,1,0,0,1,1,0,2,0,0
902,1,1,1,3,0,0,3,3,2,3,0
903,0,1,0,0,0,1,4,2,2,4,1
904,1,1,0,2,0,1,1,0,2,0,1
905,0,1,1,3,0,1,4,0,2,0,0
906,0,1,1,3,0,1,4,0,2,0,1
907,1,1,1,2,0,1,4,2,2,1,0
908,0,1,0,3,0,1,1,0,2,0,0
909,0,1,0,0,0,1,4,0,2,0,0
910,1,1,0,3,0,1,1,0,2,0,0
911,1,1,0,2,0,1,1,0,2,3,0
912,1,1,0,0,0,0,1,0,2,4,0
913,1,1,1,3,0,1,1,0,2,1,0
914,0,1,1,0,0,1,0,2,2,0,0
915,1,1,1,0,0,1,4,2,2,1,0
916,0,1,1,0,0,1,0,2,2,0,0
917,1,1,0,2,0,1,1,2,2,4,1
918,1,1,1,3,0,1,1,0,2,3,0
919,0,1,1,2,0,1,4,0,2,4,0
920,0,1,0,2,0,1,1,0,2,0,1
921,1,1,1,0,0,1,1,2,2,4,0
922,0,1,1,0,0,1,4,2,2,4,0
923,0,1,0,0,0,1,4,2,2,4,0
924,1,1,0,3,0,1,1,0,2,1,1
925,1,1,1,0,0,0,4,0,2,3,0
926,1,1,1,0,0,0,0,2,2,3,0
927,1,1,0,0,0,1,1,0,2,1,0
928,1,1,1,0,0,1,1,0,2,2,1
929,0,1,1,0,0,1,4,0,2,0,0
930,0,1,1,0,0,1,1,0,2,0,0
931,1,1,1,0,0,0,1,2,2,1,0
932,1,1,0,1,0,0,1,0,2,2,0
933,0,1,1,0,0,0,4,0,2,0,0
934,1,4,1,1,0,1,1,0,2,4,0
935,0,4,0,0,0,1,1,0,2,0,0
936,0,4,1,0,0,1,1,0,2,4,0
937,1,4,0,0,0,1,1,0,2,3,0
938,1,4,0,0,0,1,1,0,2,1,1
939,0,4,0,0,0,1,4,0,2,0,1
940,1,4,1,0,0,1,0,1,2,1,1
941,1,4,1,0,0,1,1,0,2,0,0
942,1,4,1,3,0,1,1,0,2,2,0
943,1,4,1,0,0,1,1,0,2,0,0
944,1,4,1,3,0,0,1,0,2,3,0
945,0,4,1,0,0,1,0,2,2,0,0
946,0,4,1,3,0,0,4,0,2,0,0
947,0,4,0,0,0,1,4,2,2,0,0
948,1,4,1,3,0,1,1,2,2,1,0
949,1,4,1,0,0,1,4,2,2,3,0
950,0,4,0,3,0,1,0,2,2,0,0
951,1,4,0,3,0,1,4,2,2,1,0
952,1,4,0,0,0,1,1,2,2,0,0
953,0,4,1,0,0,1,4,0,2,4,0
954,1,4,0,0,0,1,1,0,2,0,1
955,0,4,0,0,0,1,1,0,2,0,0
956,0,4,0,3,0,1,1,0,2,0,0
957,1,4,1,0,0,1,1,0,2,1,0
958,1,4,1,2,0,0,1,0,2,1,0
959,0,4,1,0,0,1,4,2,2,0,0
960,0,4,0,0,0,1,4,2,2,0,0
961,0,4,0,3,0,0,1,0,2,4,0
962,1,4,0,0,0,1,1,0,2,1,0
963,0,4,1,3,0,1,4,2,2,0,0
964,1,4,1,2,0,1,4,0,2,1,1
965,1,4,1,1,0,0,4,0,2,0,0
966,0,4,0,1,0,1,1,0,2,4,0
967,0,4,1,0,0,1,1,0,2,0,1
968,1,4,0,0,0,1,1,0,2,1,0
969,0,4,0,3,0,1,3,3,2,0,0
970,1,4,1,0,0,1,3,3,2,0,0
971,0,4,0,0,0,0,0,2,2,4,0
972,1,4,1,0,0,1,4,2,2,1,0
973,0,4,1,0,0,1,1,0,2,0,0
974,0,4,0,0,0,1,4,0,2,0,1
975,1,4,0,0,0,1,1,0,2,1,0
976,1,4,0,2,0,1,1,0,2,3,1
977,1,4,0,0,0,0,1,0,2,3,0
978,0,4,0,0,0,1,1,0,2,0,0
979,0,4,1,0,0,1,4,0,2,4,0
980,0,4,1,3,0,1,4,2,2,0,0
981,0,4,1,3,0,1,4,0,2,0,0
982,1,4,0,0,0,1,1,2,2,1,0
983,1,4,0,0,0,0,1,0,2,1,0
984,1,4,0,0,0,1,1,0,2,3,0
985,0,4,1,0,0,1,1,0,2,0,0
986,0,4,0,0,0,1,1,0,2,0,1
987,0,4,1,0,0,1,4,0,2,0,1
988,0,4,0,0,0,1,4,2,2,0,0
989,0,4,1,0,0,1,4,0,2,4,1
990,0,4,1,3,0,1,0,2,2,4,1
991,0,4,0,0,0,1,1,0,2,4,0
992,0,4,1,0,0,1,1,0,2,4,0
993,1,4,1,3,0,1,1,0,2,4,0
994,1,4,1,0,0,1,1,0,2,1,0
995,0,4,1,0,0,0,4,0,2,4,0
996,0,4,1,3,0,1,1,0,2,4,0
997,0,4,0,3,0,1,1,0,2,0,1
998,0,4,0,3,0,1,4,0,2,0,0
999,0,4,1,3,0,1,4,0,2,4,0
1000,1,4,0,3,0,1,1,0,2,0,0
1001,1,4,0,2,0,1,1,0,2,1,0
1002,1,4,1,0,0,1,1,2,2,0,1
1003,0,4,1,0,0,1,2,1,2,4,0
1004,0,4,0,3,0,1,1,0,2,0,0
1005,1,4,0,0,0,0,4,2,2,3,0
1006,1,4,0,3,0,1,1,2,2,4,0
1007,0,4,1,0,0,1,4,0,2,4,0
1008,0,4,0,0,0,1,0,2,2,0,0
1009,1,4,1,3,0,0,1,0,2,3,0
1010,1,4,1,0,0,1,1,0,2,1,0
1011,1,4,0,0,0,1,1,0,2,1,0
1012,1,4,1,2,0,0,1,2,2,4,0
1013,0,4,1,0,0,1,4,0,2,0,1
1014,1,4,1,0,0,1,4,2,2,0,1
1015,1,4,1,0,0,0,4,2,2,3,0
1016,1,4,1,2,0,1,1,0,2,3,1
1017,0,4,1,3,0,1,4,2,2,0,1
1018,0,4,0,3,0,1,1,0,2,4,0
1019,0,4,0,2,0,1,0,2,2,0,0
1020,0,4,0,0,0,1,0,2,2,0,0
1021,0,4,0,0,0,1,4,0,2,0,0
1022,0,4,0,2,0,1,4,0,2,0,0
1023,0,4,1,0,0,0,0,2,2,0,0
1024,1,4,0,3,0,1,1,0,2,0,1
1025,1,4,1,2,0,1,1,0,2,1,0
1026,1,4,1,0,0,1,1,0,2,3,0
1027,0,4,0,0,0,1,4,2,2,0,0
1028,1,4,1,0,0,0,1,0,2,1,1
1029,1,4,1,0,0,1,0,1,2,3,0
1030,0,4,0,2,0,1,4,0,2,0,0
1031,1,4,1,0,0,0,1,0,2,0,0
1032,1,4,1,0,0,1,1,0,2,1,0
1033,0,4,0,0,0,1,4,2,2,0,0
1034,0,4,0,2,0,1,4,2,2,4,0
1035,0,4,1,0,0,1,0,2,2,0,0
1036,0,4,1,0,3,1,2,1,2,0,0
1037,0,4,0,0,0,0,4,0,2,3,0
1038,0,4,1,0,0,1,4,0,2,0,1
1039,0,4,1,0,0,1,1,0,2,0,0
1040,0,4,1,2,0,1,4,0,2,4,1
1041,0,4,0,0,0,1,4,2,2,0,0
1042,1,4,0,0,0,1,1,0,2,1,1
1043,0,4,1,0,0,0,0,2,2,4,1
1044,1,4,1,0,0,1,1,0,2,1,0
1045,1,4,0,0,0,1,0,1,2,1,0
1046,0,4,0,1,0,1,1,0,2,4,0
1047,0,4,1,0,0,1,1,0,2,0,0
1048,1,4,0,0,0,0,4,0,2,1,0
1049,1,4,1,0,0,0,1,0,2,3,0
1050,0,4,1,0,0,1,0,2,2,0,1
1051,1,4,0,0,0,0,0,1,2,0,1
1052,1,4,0,2,0,0,1,0,2,3,1
1053,1,4,0,0,0,0,1,0,2,3,0
1054,0,4,0,3,0,1,4,2,2,4,0
1055,0,4,0,0,0,1,1,0,2,4,0
1056,0,4,1,0,0,0,2,1,2,0,0
1057,1,4,0,0,0,0,4,0,2,1,0
1058,1,4,1,0,3,0,1,0,2,3,0
1059,1,4,1,0,0,1,1,2,2,1,0
1060,0,4,0,0,0,1,4,0,2,0,0
1061,0,4,0,0,0,1,4,0,2,0,0
1062,0,4,0,0,0,0,4,0,2,0,0
1063,0,4,1,0,0,1,4,0,2,0,1
1064,1,4,1,3,0,1,1,0,2,0,0
1065,1,4,0,3,0,1,1,0,2,1,1
1066,1,4,1,0,0,1,0,1,2,3,1
1067,0,4,1,0,0,1,4,2,2,0,1
1068,1,4,1,0,0,1,1,0,2,1,0
1069,1,4,1,0,0,1,1,0,2,2,0
1070,1,4,0,3,0,1,1,0,2,0,0
1071,1,4,1,2,0,1,1,0,2,1,0
1072,1,4,0,0,0,1,4,2,2,2,0
1073,0,4,1,2,0,1,4,2,2,0,1
1074,0,4,0,0,0,1,0,2,2,0,0
1075,1,4,0,2,0,0,1,0,2,3,0
1076,1,4,1,0,0,1,4,2,2,2,0
1077,0,4,1,0,0,1,4,0,2,4,0
1078,1,4,0,0,0,1,1,2,2,1,0
1079,1,4,1,0,0,0,4,2,2,1,0
1080,0,4,0,0,0,1,4,2,2,4,1
1081,0,4,0,0,0,1,2,1,2,4,0
1082,1,2,0,0,0,1,1,2,2,1,0
1083,0,2,1,2,0,1,4,0,2,0,1
1084,0,2,1,3,0,1,4,2,2,0,0
1085,0,2,1,0,0,1,4,2,2,0,0
1086,1,2,1,0,0,1,1,0,2,2,0
1087,0,2,0,0,0,0,1,0,2,0,0
1088,0,2,1,0,0,1,4,0,2,0,0
1089,0,2,1,0,0,1,4,2,2,0,0
1090,0,2,1,0,0,1,0,1,2,0,0
1091,0,2,0,0,0,1,2,1,2,0,0
1092,0,2,1,0,0,1,4,2,2,0,0
1093,1,2,1,0,0,0,1,0,2,0,0
1094,1,2,0,0,0,1,4,2,2,3,0
1095,1,2,1,0,0,1,4,2,2,3,0
1096,1,2,1,0,0,1,1,0,2,3,0
1097,0,2,0,0,0,0,0,2,2,4,0
1098,0,2,1,0,0,1,1,0,2,0,0
1099,0,2,0,0,0,0,0,2,2,4,0
1100,0,2,0,3,0,1,1,0,2,0,0
1101,0,2,0,3,0,1,1,0,2,0,0
1102,1,2,0,3,0,1,1,0,2,3,0
1103,1,2,1,3,0,1,1,0,2,1,0
1104,0,2,1,0,0,1,0,2,2,0,0
1105,0,2,1,0,0,1,4,2,2,0,0
1106,1,2,0,0,0,1,1,2,2,3,0
1107,0,2,0,0,0,0,4,0,2,0,0
1108,1,2,1,0,0,1,0,1,2,0,0
1109,1,2,0,0,0,0,2,1,2,3,0
1110,1,2,0,2,0,1,1,0,2,0,0
1111,1,2,0,0,0,1,1,0,2,3,1
1112,0,2,1,0,0,1,0,2,2,4,0
1113,1,2,1,2,0,1,1,0,2,0,0
1114,0,2,1,0,0,1,4,2,2,4,0
1115,0,2,0,3,0,1,1,0,2,4,0
1116,1,2,0,0,0,0,1,0,2,1,0
1117,0,2,0,0,0,0,1,0,2,4,0
1118,0,2,0,0,0,0,1,0,2,3,0
1119,1,2,1,0,3,0,1,2,2,4,0
1120,0,2,1,0,0,1,0,2,2,0,0
1121,1,2,0,0,0,1,1,0,2,4,0
1122,0,2,1,0,0,0,2,1,2,4,1
1123,0,2,1,3,0,1,4,2,2,0,0
1124,1,2,0,1,0,1,1,0,2,1,0
1125,1,2,0,0,0,1,0,1,2,3,1
1126,0,2,0,3,0,1,1,0,2,0,1
1127,0,2,1,2,0,1,1,0,2,2,0
1128,1,2,1,2,0,1,1,0,2,4,0
1129,1,2,1,2,0,1,1,0,2,2,0
1130,0,2,0,2,0,1,1,0,2,0,0
1131,1,2,0,0,0,1,0,1,2,0,0
1132,1,2,1,0,0,0,1,0,2,3,0
1133,0,2,1,0,0,0,4,0,2,0,0
1134,0,2,1,0,0,0,1,0,2,0,0
1135,0,2,1,0,0,0,0,2,2,4,0
1136,0,2,0,0,0,1,1,0,2,0,0
1137,0,2,1,3,0,1,4,2,2,0,1
1138,0,2,1,0,0,1,4,2,2,0,0
1139,1,2,0,0,0,0,4,2,2,3,0
1140,0,2,1,3,0,1,4,2,2,0,0
1141,0,2,0,2,0,1,0,1,2,0,0
1142,0,2,1,2,0,1,4,0,2,0,0
1143,0,2,1,0,0,1,1,0,2,4,0
1144,1,2,1,0,0,1,1,0,2,1,0
1145,0,2,1,0,0,0,0,1,2,4,0
1146,0,2,1,0,0,1,2,1,2,0,0
1147,0,2,0,0,0,1,4,2,2,0,0
1148,1,2,1,0,0,0,1,0,2,1,0
1149,1,2,1,0,0,0,1,0,2,1,0
1150,0,2,1,3,0,1,1,0,2,0,0
1151,0,2,1,3,0,1,4,0,2,0,0
1152,0,2,0,0,0,1,4,2,2,4,0
1153,1,2,1,2,0,1,1,0,2,4,0
1154,0,2,0,0,0,1,4,2,2,0,0
1155,0,2,1,0,0,1,1,0,2,0,0
1156,1,2,1,0,0,1,4,2,2,1,0
1157,0,2,1,0,0,1,4,2,2,0,0
1158,1,2,0,3,0,1,4,2,2,0,1
1159,1,2,1,0,0,0,1,0,2,3,0
1160,0,2,1,0,0,1,4,2,2,4,0
1161,1,2,0,3,0,1,1,0,2,3,0
1162,0,2,0,0,0,1,4,2,2,4,0
1163,1,2,1,0,0,1,1,0,2,3,0
1164,0,2,1,0,0,1,1,0,2,4,0
1165,0,2,1,1,0,1,1,0,2,0,0
1166,1,2,1,0,0,1,0,1,2,1,1
1167,0,2,0,0,0,1,4,2,2,0,0
1168,1,2,1,0,0,0,0,2,2,0,1
1169,1,2,1,0,0,1,1,0,2,0,0
1170,1,2,0,0,0,0,4,2,2,3,0
1171,1,2,1,3,0,1,4,2,2,3,0
1172,0,2,1,3,0,1,4,0,2,0,0
1173,0,2,1,0,3,0,1,0,2,3,0
1174,1,2,0,1,0,1,1,0,2,1,0
1175,1,2,0,0,0,1,1,0,2,3,0
1176,0,2,1,0,0,1,4,0,2,0,1
1177,0,2,1,0,0,1,4,0,2,4,1
1178,0,2,1,0,0,0,4,0,2,0,0
1179,0,2,1,0,0,1,1,0,2,4,0
1180,0,2,1,0,0,1,4,2,2,4,0
1181,1,2,0,0,0,1,0,2,2,1,1
1182,0,2,0,2,0,1,1,0,2,4,0
1183,0,2,1,0,0,1,4,2,2,0,0
1184,0,2,1,0,0,0,4,0,2,4,0
1185,0,0,0,0,0,1,2,1,2,0,0
1186,0,0,1,0,0,1,4,0,2,4,0
1187,0,0,1,0,0,1,4,0,2,0,0
1188,0,0,1,0,0,1,4,0,2,4,0
1189,1,0,0,0,0,1,0,1,2,3,1
1190,1,0,1,0,0,1,1,0,2,1,0
1191,0,0,1,0,0,1,4,0,2,4,0
1192,0,0,1,0,0,1,4,0,2,4,0
1193,0,0,1,3,0,1,0,2,2,0,0
1194,1,3,0,1,0,0,1,0,1,1,0
1195,0,3,1,3,0,1,4,2,1,4,0
1196,1,3,0,3,0,1,1,0,1,4,1
1197,0,1,1,0,0,1,4,0,1,0,0
1198,0,1,0,0,0,1,4,0,1,0,0
1199,1,1,1,0,0,1,0,1,1,1,1
1200,1,1,1,0,0,1,1,2,1,0,0
1201,0,4,1,0,0,1,1,0,1,4,1
1202,0,4,1,0,0,1,4,2,1,0,1
1203,1,4,0,3,0,0,1,0,1,1,0
1204,1,4,1,3,0,1,1,0,1,0,0
1205,0,4,0,0,0,1,1,0,1,0,0
1206,1,4,0,3,0,1,1,2,1,3,1
1207,0,4,0,0,0,1,1,0,1,0,0
1208,0,4,1,0,0,1,4,2,1,4,0
1209,0,4,1,0,0,1,2,1,1,4,1
1210,1,4,0,0,0,1,1,0,1,1,0
1211,0,4,1,0,0,1,4,0,1,4,0
1212,1,4,0,0,0,1,1,0,1,3,0
1213,1,4,0,0,0,1,1,0,1,3,0
1214,1,4,0,0,0,1,1,0,1,4,0
1215,1,4,1,1,0,1,1,0,1,1,0
1216,0,4,1,3,0,1,4,2,1,0,1
1217,0,4,0,0,0,1,3,3,1,4,0
1218,0,4,0,0,0,1,4,2,1,0,1
1219,0,4,1,2,0,1,1,0,1,4,0
1220,0,4,0,0,0,1,1,0,1,0,1
1221,1,4,0,2,0,1,4,2,1,3,0
1222,0,4,1,3,0,1,0,2,1,4,0
1223,1,4,0,0,0,1,4,2,1,2,0
1224,0,4,0,0,0,1,4,0,1,0,1
1225,0,2,1,2,0,1,4,0,1,4,0
1226,1,2,1,3,0,1,4,2,1,0,0
1227,0,2,1,0,0,1,4,2,1,4,0
1228,0,2,1,3,0,1,4,0,1,0,0
1229,0,2,1,0,0,1,4,2,1,0,0
1230,1,2,1,0,0,1,1,2,1,3,0
1231,1,2,1,0,0,0,1,0,1,2,0
1232,0,2,1,0,0,1,2,1,1,4,0
1233,0,2,1,0,0,1,2,1,1,0,1
1234,0,2,1,1,1,1,2,1,1,4,0
1235,1,2,1,0,0,0,1,0,1,3,0
1236,0,2,1,2,0,1,4,2,1,4,0
1237,0,2,1,0,0,1,1,0,1,4,0
1238,0,2,1,0,0,1,1,0,1,4,0
1239,1,2,1,0,0,1,1,0,1,4,0
1240,1,1,0,0,0,1,1,0,1,4,0
1241,1,4,0,2,0,1,4,2,1,1,0
1242,1,4,0,1,0,1,1,0,1,1,0
1243,1,4,0,0,0,1,4,2,1,1,0
1244,0,4,0,0,0,1,4,0,1,0,0
1245,1,4,1,3,0,1,4,2,1,4,0
1246,0,4,0,0,0,1,2,1,1,0,0
1247,1,4,0,0,0,1,1,0,1,2,0
1248,0,3,1,3,0,1,4,2,0,0,0
1249,0,3,1,3,0,1,4,2,0,4,0
1250,0,3,1,3,0,1,2,1,0,0,0
1251,1,3,1,3,0,1,1,0,0,1,0
1252,0,3,0,0,0,1,4,2,0,0,0
1253,1,3,0,3,0,1,1,0,0,1,1
1254,0,3,0,3,0,1,1,0,0,0,1
1255,1,3,1,3,0,1,1,0,0,3,1
1256,0,3,0,0,0,1,4,0,0,0,0
1257,1,3,0,3,0,1,4,2,0,1,0
1258,1,3,0,3,0,1,1,0,0,1,0
1259,0,3,1,3,0,1,4,2,0,0,0
1260,0,3,0,3,0,1,4,2,0,0,0
1261,1,3,0,0,0,1,1,2,0,1,0
1262,1,3,1,3,0,1,4,2,0,1,0
1263,1,3,0,3,0,1,1,2,0,3,0
1264,1,3,0,3,0,1,1,2,0,1,1
1265,0,3,1,3,0,1,4,0,0,0,1
1266,1,3,1,3,0,1,1,0,0,1,1
1267,1,3,1,3,0,1,1,0,0,3,0
1268,1,3,1,2,0,1,1,0,0,3,0
1269,0,3,0,3,0,1,1,0,0,0,0
1270,0,3,0,3,0,1,4,2,0,4,0
1271,1,3,0,3,0,1,1,0,0,1,0
1272,0,3,1,0,0,1,4,0,0,0,0
1273,1,3,1,3,0,1,1,0,0,4,0
1274,0,3,0,3,0,1,4,0,0,4,0
1275,0,3,1,3,0,1,4,0,0,0,0
1276,0,3,0,3,0,1,4,0,0,0,0
1277,0,3,1,3,0,1,4,0,0,0,0
1278,0,3,1,3,0,1,4,0,0,0,0
1279,1,3,1,3,0,1,1,0,0,3,0
1280,0,3,1,3,0,1,4,2,0,0,1
1281,1,3,0,3,0,1,1,2,0,1,0
1282,0,3,0,3,0,1,4,0,0,0,1
1283,0,3,0,3,0,1,4,2,0,0,0
1284,0,3,1,3,0,1,4,2,0,4,0
1285,0,3,1,3,0,1,4,0,0,4,0
1286,0,3,1,3,0,1,4,0,0,0,0
1287,0,3,0,3,0,1,4,2,0,0,1
1288,1,3,0,0,0,1,1,0,0,3,0
1289,1,3,1,0,0,1,0,2,0,1,0
1290,0,3,1,3,0,1,1,0,0,4,0
1291,1,3,0,0,0,1,1,0,0,3,0
1292,1,3,1,0,0,1,1,0,0,3,0
1293,0,3,1,3,0,1,4,0,0,0,1
1294,0,3,0,3,0,1,4,0,0,0,0
1295,1,3,0,0,0,1,1,0,0,0,0
1296,1,3,0,3,0,1,1,2,0,1,0
1297,1,3,0,0,0,1,2,3,0,2,1
1298,1,3,1,3,0,1,1,2,0,1,0
1299,0,3,1,0,0,1,4,0,0,0,0
1300,0,3,0,0,0,1,2,1,0,0,0
1301,1,3,1,3,0,1,1,0,0,3,1
1302,1,3,0,3,0,1,1,0,0,0,1
1303,0,3,1,3,0,1,4,2,0,0,0
1304,1,3,1,0,0,1,4,2,0,3,1
1305,0,1,1,2,0,1,4,2,0,0,0
1306,1,1,0,0,0,1,4,2,0,0,0
1307,1,1,0,2,0,1,1,0,0,4,0
1308,0,1,0,2,0,1,4,2,0,0,1
1309,0,1,1,2,0,1,4,0,0,0,0
1310,1,1,1,3,0,1,1,0,0,1,0
1311,0,1,0,3,0,1,1,0,0,4,0
1312,0,1,1,3,0,1,4,2,0,0,0
1313,1,1,1,0,0,1,1,0,0,4,0
1314,0,1,0,2,0,1,4,2,0,0,1
1315,1,1,0,0,0,1,1,0,0,1,1
1316,1,1,1,0,0,1,0,1,0,3,0
1317,1,1,1,3,0,1,1,0,0,4,0
1318,1,1,1,2,0,1,1,0,0,4,0
1319,0,1,0,3,0,1,4,0,0,0,0
1320,0,1,0,0,0,1,1,0,0,0,0
1321,1,1,0,0,0,1,4,2,0,1,1
1322,1,1,0,3,0,1,1,2,0,3,0
1323,0,1,1,3,0,1,4,0,0,0,1
1324,0,1,1,3,0,1,4,0,0,0,0
1325,1,1,0,3,0,1,4,2,0,1,0
1326,0,1,0,0,0,1,4,0,0,0,0
1327,0,1,0,0,0,1,4,2,0,0,0
1328,0,1,0,0,0,1,4,2,0,0,0
1329,0,1,1,0,0,1,4,0,0,0,1
1330,0,1,1,0,0,1,4,2,0,4,0
1331,1,1,0,3,0,1,1,0,0,4,0
1332,1,1,0,3,0,1,1,0,0,3,0
1333,0,1,0,0,0,1,2,1,0,4,1
1334,1,1,1,3,0,1,1,0,0,2,0
1335,0,1,1,0,0,1,4,2,0,0,0
1336,0,1,1,3,0,1,4,2,0,0,0
1337,0,1,1,3,0,1,4,2,0,4,0
1338,1,1,1,0,0,1,1,0,0,1,0
1339,1,1,1,0,0,1,1,2,0,3,0
1340,0,1,0,0,0,1,0,2,0,0,1
1341,0,1,1,3,0,1,1,0,0,4,1
1342,0,1,1,0,0,1,1,0,0,4,0
1343,0,1,1,0,0,1,1,0,0,3,0
1344,0,1,1,2,0,1,1,0,0,0,0
1345,0,1,0,2,0,1,4,0,0,0,0
1346,0,1,1,0,0,1,1,0,0,0,0
1347,0,1,1,2,0,1,1,0,0,0,1
1348,1,1,0,3,0,1,1,0,0,1,0
1349,1,1,1,0,0,1,1,0,0,3,0
1350,0,1,0,3,0,1,4,2,0,0,0
1351,1,1,0,3,0,1,0,1,0,3,0
1352,1,1,1,0,0,1,4,2,0,1,0
1353,1,1,1,3,0,1,4,2,0,3,0
1354,1,1,0,0,0,1,1,2,0,4,0
1355,0,1,1,2,0,1,1,0,0,0,0
1356,0,1,0,3,0,1,4,0,0,4,0
1357,0,1,1,0,0,1,2,1,0,4,0
1358,1,1,0,3,0,1,0,1,0,1,1
1359,1,1,1,0,0,1,0,2,0,0,0
1360,0,1,1,0,0,1,1,0,0,4,0
1361,0,1,0,1,0,1,1,0,0,4,0
1362,1,1,0,1,0,1,1,0,0,3,0
1363,0,1,0,0,0,1,4,2,0,4,0
1364,0,1,0,0,0,1,2,1,0,0,0
1365,1,1,0,2,0,1,1,0,0,3,1
1366,0,1,1,3,0,1,4,0,0,0,0
1367,1,1,1,3,0,1,1,2,0,1,0
1368,1,1,1,0,0,1,1,0,0,4,0
1369,0,1,0,0,0,1,4,2,0,4,0
1370,0,1,0,3,0,1,4,2,0,4,0
1371,0,1,1,0,0,1,4,2,0,0,1
1372,0,1,1,0,0,1,4,0,0,0,0
1373,0,1,0,3,0,1,1,0,0,0,0
1374,0,1,0,0,0,1,4,2,0,4,0
1375,1,4,1,3,0,1,0,1,0,3,1
1376,0,4,1,0,0,1,4,2,0,0,0
1377,0,4,1,0,0,1,4,0,0,4,0
1378,1,4,1,0,0,1,1,0,0,1,0
1379,1,4,1,3,0,1,1,0,0,1,0
1380,0,4,1,3,0,1,0,1,0,4,0
1381,0,4,0,3,0,1,4,2,0,0,0
1382,0,4,1,3,0,1,0,2,0,4,0
1383,0,4,0,0,0,1,4,2,0,0,0
1384,1,4,1,0,0,1,1,0,0,1,0
1385,0,4,1,3,0,1,4,0,0,0,0
1386,1,4,1,3,0,1,1,2,0,1,0
1387,1,4,1,0,0,1,4,2,0,4,0
1388,0,4,0,3,0,1,4,2,0,0,0
1389,1,4,1,3,0,1,4,2,0,4,0
1390,0,4,0,3,0,1,4,2,0,4,1
1391,1,4,0,0,0,1,1,0,0,3,0
1392,1,4,1,0,0,1,4,2,0,1,0
1393,1,4,0,0,0,0,4,2,0,4,0
1394,0,4,0,0,0,0,1,0,0,4,0
1395,1,4,1,2,0,1,1,0,0,1,0
1396,1,4,0,0,0,0,1,0,0,3,0
1397,1,4,0,0,0,1,0,1,0,0,0
1398,1,4,1,3,0,1,1,2,0,4,0
1399,0,4,0,0,0,1,4,0,0,0,0
1400,1,4,1,2,0,1,1,0,0,3,0
1401,0,4,1,0,0,1,2,1,0,0,1
1402,1,4,0,3,0,1,1,0,0,0,0
1403,1,4,0,0,0,1,4,2,0,1,0
1404,1,4,1,3,0,1,4,2,0,3,0
1405,0,4,0,0,0,1,4,2,0,0,0
1406,0,4,1,3,0,1,4,2,0,0,0
1407,1,4,1,3,0,1,1,0,0,3,0
1408,1,4,0,3,0,1,0,1,0,4,0
1409,0,4,1,2,0,1,0,2,0,0,0
1410,0,2,0,0,0,0,4,0,0,4,0
1411,0,2,1,0,0,1,4,2,0,0,0
1412,1,2,1,0,0,1,4,1,0,2,0
