,ID,Label,AGE,GENDER,MARITAL_STATUS,MONTHLY_INCOME_WHITHOUT_TAX,LOANTYPE,GAGE_TOTLE_PRICE,APPLY_AMOUNT,APPLY_TERM_TIME,APPLY_INTEREST_RATE,PAYMENT_TYPE
0,1,1,0,1,2,4,0,1,2,5,3,1
1,2,1,0,1,1,2,0,1,1,5,3,1
2,3,1,0,1,1,4,1,2,4,5,3,1
3,4,0,0,1,3,4,0,4,3,5,0,1
4,5,0,0,1,3,4,0,4,3,5,1,1
5,6,1,0,1,2,3,1,0,1,5,4,1
6,7,0,0,1,1,4,0,4,3,5,0,1
7,8,0,0,1,2,4,0,4,4,5,0,0
8,9,0,0,1,2,0,1,0,0,5,0,1
9,10,1,0,1,2,2,1,0,0,5,4,1
10,11,1,0,1,1,4,0,1,1,5,1,0
11,12,0,0,0,3,0,1,1,0,5,3,1
12,13,1,0,0,2,1,0,0,0,5,4,1
13,14,1,0,1,2,3,0,1,3,5,4,1
14,15,0,0,1,3,4,0,4,2,5,0,1
15,16,1,0,1,3,3,0,3,0,5,1,0
16,17,1,1,0,2,1,0,0,0,5,0,1
17,18,0,1,0,3,1,0,4,0,5,0,0
18,19,1,1,0,2,1,0,0,0,5,4,1
19,20,1,1,1,3,1,1,0,0,5,1,1
20,21,1,1,0,3,1,1,0,0,5,4,1
21,22,1,1,1,2,4,0,1,2,5,1,1
22,23,1,1,1,2,4,0,1,2,5,1,1
23,24,1,1,1,3,4,0,4,4,5,3,0
24,25,1,1,0,3,4,0,4,4,5,4,0
25,26,1,1,0,2,0,1,0,0,5,0,0
26,27,0,1,0,3,4,0,2,1,5,0,1
27,28,1,1,0,3,4,0,4,4,5,3,0
28,29,1,1,0,1,4,0,3,0,5,4,0
29,30,0,1,1,3,3,0,4,4,5,0,0
30,31,1,1,0,3,3,0,1,2,5,3,1
31,32,0,2,1,3,0,0,1,0,5,1,1
32,33,1,2,0,3,4,0,2,3,5,4,1
33,34,0,2,0,2,3,0,1,1,5,0,1
34,35,0,2,0,3,4,0,4,1,5,0,1
35,36,1,2,1,3,4,0,4,4,5,4,0
36,37,0,2,0,2,4,0,0,0,5,1,1
37,38,1,2,0,3,1,1,0,0,5,4,0
38,39,1,2,1,2,3,0,1,2,5,1,0
39,40,0,2,0,3,2,1,3,0,5,1,1
40,41,1,2,0,1,4,0,1,3,5,4,0
41,42,1,2,1,3,4,0,2,3,5,4,1
42,43,1,2,0,3,4,0,2,3,5,4,1
43,44,1,2,0,3,4,1,3,3,5,3,1
44,45,1,2,1,3,3,0,1,2,5,3,0
45,46,0,2,0,2,3,1,2,0,5,3,1
46,47,1,2,0,3,4,0,4,4,5,3,1
47,48,1,2,0,3,4,1,4,4,5,4,1
48,49,1,2,0,3,4,1,0,0,5,3,1
49,50,1,2,1,2,1,0,0,0,5,3,1
50,51,1,2,1,3,3,0,4,4,5,4,1
51,52,0,2,0,2,4,0,4,4,5,1,1
52,53,0,2,0,2,3,0,4,0,5,1,0
53,54,1,2,0,1,1,0,0,0,5,3,1
54,55,1,2,1,3,4,0,0,1,5,3,1
55,56,0,2,1,3,3,0,4,2,5,0,1
56,57,1,3,0,2,4,0,1,3,5,4,1
57,58,1,3,1,2,0,0,4,4,5,4,1
58,59,0,3,1,3,4,0,3,3,5,1,1
59,60,1,3,0,2,1,0,1,1,5,3,1
60,61,0,3,1,2,3,0,2,2,5,0,1
61,62,1,3,1,3,4,1,1,0,5,3,1
62,63,0,3,1,3,4,0,4,0,5,0,0
63,64,1,3,0,3,3,1,1,0,5,4,1
64,65,1,3,1,3,0,1,0,0,5,3,1
65,66,1,3,0,3,4,0,3,4,5,2,1
66,67,1,3,1,3,4,1,4,4,5,4,1
67,68,1,3,1,3,4,0,0,1,5,4,1
68,69,1,3,0,2,0,0,3,4,5,3,1
69,70,1,3,1,3,4,0,2,3,5,3,1
70,71,1,3,0,3,4,0,0,1,5,4,1
71,72,1,3,1,2,1,0,0,0,5,4,1
72,73,1,3,0,3,4,0,1,2,5,3,1
73,74,0,3,0,2,1,0,4,1,5,1,1
74,75,0,3,1,3,4,0,4,4,5,0,1
75,76,1,3,0,2,0,1,0,1,5,4,0
76,77,1,3,1,3,2,1,4,4,5,3,1
77,78,1,4,0,2,4,0,3,4,5,4,1
78,79,0,4,0,2,4,0,4,4,5,0,1
79,80,1,4,1,2,2,0,0,1,5,4,0
80,81,0,4,0,3,4,0,4,4,5,1,1
81,82,1,4,1,1,4,0,1,2,5,3,1
82,83,1,4,1,1,4,0,4,4,5,4,1
83,84,1,4,0,3,4,0,1,2,5,1,1
84,85,1,4,0,3,4,0,2,2,5,4,1
85,86,1,4,1,0,2,1,0,0,5,1,1
86,87,0,4,0,3,4,1,1,2,5,1,1
87,88,0,4,0,3,1,1,1,0,5,3,1
88,89,1,4,0,3,3,1,2,3,5,1,1
89,90,0,4,0,3,3,0,1,1,5,1,1
90,91,0,4,0,3,3,1,2,1,5,0,1
91,92,0,4,1,3,4,0,4,4,5,1,1
92,93,0,4,1,1,4,0,3,2,5,0,1
93,94,1,4,0,3,4,1,0,0,5,4,0
94,95,0,4,0,3,4,0,1,2,5,1,0
95,96,1,4,0,3,2,1,1,1,5,2,1
96,97,1,4,1,2,0,0,4,4,5,0,0
97,98,1,4,0,3,4,0,4,4,5,1,0
98,99,0,4,0,3,3,1,4,1,5,1,1
99,100,0,4,0,3,3,1,0,0,5,1,1
100,101,0,4,0,3,1,1,1,0,5,0,1
101,102,1,4,0,3,2,1,0,0,5,4,1
102,103,1,4,1,3,3,0,2,1,5,4,0
103,104,0,4,0,3,0,1,1,0,5,3,1
104,105,1,4,0,3,3,0,1,3,5,4,1
105,106,0,4,0,3,2,1,1,0,5,1,1
106,107,1,0,0,2,2,1,1,3,4,3,1
107,108,1,0,0,2,2,0,2,3,4,4,1
108,109,1,0,1,2,0,0,1,0,4,0,1
109,110,1,0,0,2,2,0,2,3,4,4,1
110,111,0,0,0,2,2,0,4,4,4,2,0
111,112,0,0,1,2,3,0,2,1,4,0,1
112,113,0,0,1,2,2,0,2,2,4,0,1
113,114,1,0,1,2,1,0,1,0,4,3,1
114,115,0,0,0,1,2,0,3,2,4,0,1
115,116,1,0,0,2,0,0,0,0,4,4,1
116,117,1,0,1,1,1,0,1,2,4,4,0
117,118,0,0,0,2,1,1,2,0,4,0,1
118,119,0,0,0,2,1,1,1,0,4,0,1
119,120,0,0,1,3,3,1,2,1,4,0,1
120,121,0,0,1,3,4,0,4,4,4,0,0
121,122,1,0,1,3,3,0,0,1,4,2,1
122,123,1,0,0,2,2,0,1,0,4,3,0
123,124,1,0,0,2,1,0,1,1,4,4,1
124,125,1,0,0,2,4,1,1,0,4,3,0
125,126,0,0,0,2,0,1,1,0,4,3,1
126,127,0,0,0,1,2,0,2,0,4,2,1
127,128,1,0,1,2,1,1,0,0,4,3,1
128,129,1,0,0,3,4,0,1,2,4,3,1
129,130,0,0,0,3,1,0,2,1,4,0,1
130,131,0,0,1,3,0,0,1,0,4,0,1
131,132,0,0,1,3,0,0,3,0,4,0,1
132,133,1,0,1,2,1,1,0,0,4,4,1
133,134,1,0,1,3,0,0,0,0,4,2,1
134,135,1,0,1,3,4,0,4,4,4,3,1
135,136,0,0,0,2,0,1,1,0,4,0,0
136,137,1,0,0,2,2,0,2,3,4,2,0
137,138,0,0,1,2,1,0,3,1,4,0,1
138,139,1,1,1,2,0,0,0,0,4,3,1
139,140,0,1,1,2,0,1,1,0,4,3,1
140,141,0,1,0,2,1,0,2,2,4,2,1
141,142,1,1,1,1,4,1,4,4,4,4,1
142,143,0,1,0,2,3,0,4,4,4,0,1
143,144,0,1,0,3,1,0,2,0,4,2,1
144,145,0,1,0,2,3,0,4,3,4,0,0
145,146,1,1,0,2,1,1,0,1,4,4,1
146,147,0,1,0,2,0,0,2,0,4,0,0
147,148,0,1,0,2,1,0,2,1,4,2,1
148,149,0,1,1,1,1,0,2,1,4,0,1
149,150,1,1,0,2,1,0,1,0,4,4,1
150,151,1,1,0,3,2,0,1,2,4,4,1
151,152,1,1,0,2,0,1,0,0,4,4,1
152,153,0,1,1,1,2,0,2,0,4,0,1
153,154,0,1,0,3,3,0,3,3,4,0,1
154,155,1,1,1,3,2,0,1,1,4,3,1
155,156,0,1,1,1,2,0,4,3,4,2,0
156,157,1,1,1,3,1,0,2,3,4,4,1
157,158,0,1,1,2,1,0,0,0,4,0,0
158,159,1,1,0,3,0,1,0,0,4,4,1
159,160,0,1,1,3,0,1,1,0,4,0,1
160,161,0,1,1,3,3,0,4,4,4,0,0
161,162,1,1,0,2,3,0,3,4,4,4,0
162,163,1,1,0,2,1,0,2,1,4,3,1
163,164,0,1,1,2,1,0,2,1,4,2,1
164,165,0,1,0,3,4,0,3,3,4,2,1
165,166,0,1,1,3,1,0,0,0,4,0,0
166,167,1,1,1,3,0,1,0,0,4,3,0
167,168,0,1,0,3,4,1,4,2,4,2,1
168,169,1,1,1,1,0,1,0,0,4,4,0
169,170,1,1,0,3,3,0,2,3,4,4,1
170,171,1,1,1,2,0,1,0,0,4,3,1
171,172,0,1,0,2,3,1,4,1,4,0,0
172,173,0,1,0,2,2,0,3,2,4,0,0
173,174,0,1,0,2,3,1,3,2,4,0,1
174,175,0,1,1,2,3,0,3,2,4,2,1
175,176,0,1,0,2,1,0,4,3,4,0,1
176,177,1,1,0,3,0,1,0,0,4,2,1
177,178,0,1,1,3,0,0,2,1,4,2,1
178,179,0,2,0,3,0,1,0,0,4,3,1
179,180,0,2,1,3,4,0,4,4,4,0,0
180,181,0,2,1,1,3,0,4,3,4,0,1
181,182,0,2,0,3,3,0,4,3,4,0,1
182,183,0,2,1,3,0,0,1,1,4,0,1
183,184,1,2,0,2,4,0,0,1,4,4,1
184,185,1,2,0,2,4,0,0,1,4,4,1
185,186,1,2,1,3,2,1,0,1,4,4,1
186,187,0,2,1,2,3,0,3,3,4,2,1
187,188,0,2,0,3,3,0,3,3,4,2,0
188,189,1,2,0,2,1,0,2,2,4,3,1
189,190,1,2,0,3,4,0,3,4,4,4,1
190,191,0,2,1,3,3,0,4,1,4,2,1
191,192,0,2,1,3,2,0,1,0,4,0,1
192,193,0,2,1,3,4,0,4,4,4,0,0
193,194,0,2,1,3,0,0,3,3,4,0,1
194,195,0,2,0,3,4,0,3,3,4,0,0
195,196,1,2,0,3,0,1,3,4,4,3,1
196,197,0,2,0,3,3,1,3,1,4,0,0
197,198,1,2,0,3,2,0,1,3,4,1,0
198,199,0,2,0,2,2,0,2,2,4,0,1
199,200,1,2,0,3,2,0,3,1,4,2,0
200,201,1,2,1,3,1,0,3,4,4,3,0
201,202,1,2,1,2,4,1,3,4,4,3,1
202,203,1,2,0,3,1,0,1,0,4,4,1
203,204,1,2,1,3,4,1,4,4,4,4,1
204,205,1,2,1,3,4,1,2,2,4,4,1
205,206,1,2,0,2,3,0,1,3,4,2,1
206,207,1,2,1,3,4,0,2,3,4,3,0
207,208,1,2,1,3,3,0,0,1,4,3,1
208,209,0,2,0,3,3,0,4,2,4,0,1
209,210,1,2,0,3,3,0,3,2,4,3,1
210,211,1,2,0,3,4,1,4,4,4,4,1
211,212,1,2,0,3,1,0,1,3,4,3,0
212,213,0,2,0,3,1,0,4,4,4,2,1
213,214,0,2,1,3,1,0,2,1,4,0,0
214,215,0,2,1,2,0,1,1,0,4,0,1
215,216,0,2,1,3,0,1,0,0,4,3,1
216,217,0,2,1,3,4,0,4,3,4,0,1
217,218,1,2,0,3,4,0,3,4,4,4,1
218,219,0,2,1,1,3,0,3,3,4,0,0
219,220,0,2,1,2,4,0,2,1,4,2,0
220,221,0,2,0,3,2,0,2,2,4,0,0
221,222,0,2,1,1,4,0,4,4,4,2,1
222,223,1,2,0,3,0,1,0,0,4,4,1
223,224,1,3,0,3,1,1,0,0,4,4,1
224,225,0,3,1,3,1,0,4,3,4,0,0
225,226,0,3,0,2,3,0,4,4,4,0,1
226,227,1,3,0,3,5,1,4,4,4,3,1
227,228,1,3,0,3,3,0,1,2,4,3,1
228,229,1,3,1,3,3,1,0,0,4,3,0
229,230,0,3,0,2,1,0,1,0,4,0,1
230,231,0,3,0,3,3,0,4,4,4,0,0
231,232,0,3,0,2,1,0,3,0,4,2,1
232,233,1,3,0,2,3,0,1,3,4,4,1
233,234,1,3,0,2,4,0,3,4,4,3,1
234,235,1,3,0,3,2,0,2,3,4,3,1
235,236,0,3,1,1,0,0,2,0,4,0,0
236,237,1,3,1,3,1,0,2,1,4,4,0
237,238,0,3,0,3,4,0,4,4,4,2,0
238,239,1,3,1,3,3,0,4,4,4,4,1
239,240,1,3,1,3,3,0,4,4,4,4,1
240,241,0,3,0,3,4,0,3,2,4,2,0
241,242,0,3,0,1,3,0,4,3,4,2,1
242,243,0,3,0,3,2,1,0,0,4,2,1
243,244,0,3,0,3,1,1,1,0,4,3,1
244,245,0,3,0,3,1,1,2,1,4,0,1
245,246,0,3,0,3,0,0,3,2,4,0,0
246,247,1,3,0,3,3,0,3,3,4,4,0
247,248,0,3,0,3,4,1,4,4,4,2,1
248,249,0,3,0,3,1,0,3,2,4,0,1
249,250,0,3,0,2,4,0,4,4,4,0,1
250,251,0,3,1,2,1,0,3,3,4,0,1
251,252,0,3,1,3,4,1,2,1,4,2,0
252,253,1,3,1,3,4,1,3,4,4,3,0
253,254,1,3,0,3,1,1,0,0,4,4,1
254,255,0,3,1,3,0,0,1,0,4,2,0
255,256,1,3,0,2,4,1,3,4,4,2,1
256,257,1,3,1,3,1,0,0,0,4,3,1
257,258,0,3,1,3,2,1,4,3,4,0,0
258,259,0,3,0,3,1,1,1,1,4,0,1
259,260,0,3,0,2,3,0,3,2,4,0,1
260,261,0,3,1,3,4,1,1,0,4,3,1
261,262,1,3,0,3,4,0,2,3,4,3,0
262,263,0,3,1,3,2,0,4,4,4,0,1
263,264,1,3,0,0,4,0,3,3,4,4,0
264,265,1,3,1,2,1,0,0,1,4,3,0
265,266,0,3,1,3,4,0,4,4,4,0,0
266,267,1,3,0,3,4,0,3,4,4,2,0
267,268,1,3,0,2,1,0,0,2,4,3,1
268,269,0,3,0,3,2,0,3,3,4,2,1
269,270,1,3,1,3,4,1,0,0,4,4,1
270,271,1,3,0,3,2,0,2,0,4,4,1
271,272,0,3,1,3,2,1,1,1,4,2,1
272,273,1,3,1,3,2,1,4,4,4,3,1
273,274,0,3,1,3,0,1,0,0,4,3,1
274,275,1,3,1,3,3,0,3,3,4,4,1
275,276,0,3,0,3,3,0,4,4,4,0,1
276,277,1,3,1,1,0,0,0,1,4,3,1
277,278,1,3,1,1,4,0,3,4,4,4,1
278,279,0,4,0,3,0,1,1,0,4,3,1
279,280,1,4,0,3,5,0,1,2,4,0,1
280,281,1,4,0,3,4,1,1,1,4,4,0
281,282,0,4,0,3,4,1,4,2,4,0,0
282,283,0,4,0,3,4,0,3,3,4,0,1
283,284,0,4,0,3,4,0,4,4,4,0,0
284,285,0,4,0,3,2,0,2,1,4,2,1
285,286,1,4,0,3,4,0,4,4,4,3,1
286,287,1,4,0,1,4,0,1,2,4,2,1
287,288,1,4,0,2,2,0,1,2,4,4,0
288,289,1,4,1,3,1,0,1,1,4,4,1
289,290,0,4,0,3,3,0,4,4,4,2,0
290,291,1,4,0,3,1,1,0,0,4,3,1
291,292,0,4,1,1,1,0,2,2,4,0,0
292,293,1,4,0,3,3,0,2,3,4,4,0
293,294,0,4,1,3,3,0,3,2,4,2,1
294,295,1,4,1,3,2,0,0,0,4,3,1
295,296,0,4,1,3,3,0,3,2,4,0,1
296,297,1,4,1,3,5,0,1,1,4,3,1
297,298,1,4,1,3,5,0,1,1,4,3,1
298,299,1,4,1,1,0,0,3,0,4,4,1
299,300,1,4,1,3,4,0,4,4,4,0,0
300,301,1,4,0,3,4,0,3,4,4,4,1
301,302,1,4,0,3,4,0,4,4,4,4,0
302,303,1,4,0,3,4,0,4,4,4,2,0
303,304,0,4,1,3,3,0,4,4,4,2,1
304,305,0,4,0,3,4,0,3,2,4,0,1
305,306,1,4,1,2,3,0,3,3,4,4,1
306,307,0,4,1,3,4,0,4,4,4,0,1
307,308,1,4,1,3,4,0,4,4,4,3,0
308,309,0,4,1,3,0,1,1,0,4,3,1
309,310,0,4,0,3,0,1,1,0,4,3,1
310,311,1,4,1,3,0,1,0,0,4,3,1
311,312,1,4,0,3,4,1,4,4,4,2,1
312,313,1,4,1,3,1,0,3,4,4,4,0
313,314,1,4,0,3,4,0,4,4,4,3,1
314,315,1,4,1,2,0,0,2,3,4,3,1
315,316,1,4,0,3,1,0,2,3,4,4,0
316,317,1,4,1,1,0,0,1,1,4,4,0
317,318,0,4,0,3,2,1,0,0,4,2,0
318,319,0,4,1,3,3,1,2,1,4,2,1
319,320,0,4,1,3,1,0,2,1,4,2,1
320,321,0,4,0,2,4,0,1,0,4,2,1
321,322,0,4,0,3,2,0,4,2,4,0,0
322,323,1,4,0,3,2,0,3,2,4,4,1
323,324,1,4,1,2,3,0,2,3,4,4,1
324,325,1,4,0,3,3,1,3,4,4,2,0
325,326,1,4,1,3,4,0,4,4,4,4,1
326,327,0,4,0,3,2,0,4,4,4,0,1
327,328,0,4,0,2,2,0,4,3,4,0,1
328,329,0,4,0,3,2,0,4,4,4,0,0
329,330,1,4,0,3,4,1,1,2,4,3,1
330,331,1,4,1,3,2,1,3,3,4,3,1
331,332,0,4,0,3,3,0,4,4,4,0,0
332,333,0,4,0,1,3,0,4,3,4,0,1
333,334,0,4,0,1,2,1,2,0,4,2,0
334,335,0,4,1,3,2,0,1,0,4,0,0
335,336,1,4,1,3,2,0,0,0,4,2,0
336,337,1,4,0,3,1,1,1,0,4,4,1
337,338,1,4,1,3,4,0,4,4,4,1,1
338,339,0,4,1,3,1,0,3,2,4,2,1
339,340,1,4,0,3,2,0,2,2,4,4,1
340,341,1,4,0,3,3,0,0,0,4,2,1
341,342,0,4,1,0,0,0,1,0,4,2,1
342,343,1,4,0,3,3,0,0,0,4,3,1
343,344,0,4,0,3,3,0,4,4,4,1,1
344,345,1,4,0,3,1,1,0,0,4,3,0
345,346,1,4,0,1,4,0,3,4,4,4,1
346,347,1,4,0,3,0,0,0,0,4,2,1
347,348,0,4,0,1,2,0,3,1,4,0,1
348,349,1,4,1,2,4,0,0,0,4,4,0
349,350,1,4,1,2,4,0,0,0,4,4,0
350,351,1,4,1,2,4,0,0,0,4,4,0
351,352,1,4,1,3,3,1,3,4,4,4,1
352,353,0,4,0,1,2,0,3,2,4,0,1
353,354,1,4,0,3,3,0,2,3,4,3,1
354,355,0,4,0,3,2,0,3,2,4,2,1
355,356,0,4,1,3,4,0,4,3,4,0,0
356,357,1,4,0,3,4,0,0,1,4,4,1
357,358,1,4,1,0,4,1,2,3,4,4,1
358,359,1,4,0,2,0,1,4,4,4,4,0
359,360,0,0,0,2,0,1,1,0,3,3,1
360,361,0,0,1,2,0,1,0,0,3,0,1
361,362,0,0,0,1,0,1,1,0,3,0,1
362,363,0,0,0,2,1,0,3,2,3,0,1
363,364,1,0,1,2,2,0,1,2,3,2,1
364,365,0,0,1,3,0,0,4,4,3,2,1
365,366,0,0,0,2,0,0,4,3,3,0,1
366,367,1,0,0,2,3,0,0,1,3,3,1
367,368,1,0,1,3,0,0,2,4,3,4,0
368,369,1,0,0,2,3,0,0,1,3,3,1
369,370,0,0,1,2,0,0,0,0,3,0,1
370,371,0,0,1,1,2,0,1,1,3,0,1
371,372,0,0,1,3,3,0,3,2,3,0,1
372,373,0,0,0,2,4,0,2,2,3,0,1
373,374,0,0,0,3,0,1,1,0,3,0,1
374,375,1,0,1,2,1,0,1,2,3,4,1
375,376,0,0,0,2,1,0,4,3,3,0,1
376,377,0,0,1,2,0,0,2,2,3,0,0
377,378,0,0,0,2,2,0,3,1,3,2,0
378,379,1,0,1,2,0,0,0,1,3,4,1
379,380,0,0,1,3,0,1,1,0,3,0,1
380,381,0,0,0,2,0,1,2,1,3,0,1
381,382,0,0,0,3,1,1,1,0,3,3,1
382,383,0,0,1,3,5,1,1,0,3,0,1
383,384,0,0,0,2,1,0,2,1,3,0,1
384,385,0,0,0,2,0,0,2,0,3,0,1
385,386,1,0,1,2,0,0,0,0,3,3,0
386,387,1,0,0,3,4,0,1,2,3,0,1
387,388,0,0,0,2,0,1,1,0,3,0,1
388,389,0,0,0,2,2,0,3,3,3,2,1
389,390,0,0,1,3,3,0,2,1,3,0,1
390,391,0,0,0,2,2,1,3,2,3,0,0
391,392,0,0,0,2,0,1,2,1,3,0,0
392,393,0,0,0,2,2,0,4,4,3,0,1
393,394,0,0,0,1,2,0,3,2,3,0,1
394,395,0,0,1,3,0,0,2,2,3,2,1
395,396,0,0,0,2,0,0,2,1,3,2,1
396,397,0,0,0,2,2,0,3,2,3,0,0
397,398,1,0,1,1,2,0,2,3,3,4,1
398,399,0,0,1,2,0,0,0,0,3,2,1
399,400,1,0,1,3,1,0,1,1,3,4,1
400,401,0,0,1,2,0,1,0,0,3,0,1
401,402,1,0,0,2,0,1,0,1,3,4,0
402,403,0,0,1,1,0,1,1,0,3,3,1
403,404,0,0,0,3,1,1,0,0,3,0,1
404,405,0,0,0,2,1,1,3,0,3,0,1
405,406,0,0,1,2,1,0,1,0,3,0,0
406,407,0,0,1,3,0,1,1,0,3,3,1
407,408,0,0,0,2,1,0,1,1,3,2,1
408,409,1,0,1,1,0,0,0,1,3,2,1
409,410,1,0,0,3,2,0,2,3,3,4,1
410,411,1,0,0,3,2,0,0,1,3,2,1
411,412,1,0,0,2,0,0,0,0,3,4,1
412,413,0,0,1,3,0,0,0,0,3,2,1
413,414,0,0,0,2,1,0,3,2,3,0,0
414,415,1,0,0,2,0,0,0,1,3,4,1
415,416,0,0,1,2,1,0,3,2,3,0,1
416,417,1,0,0,2,3,0,1,2,3,4,1
417,418,0,0,0,2,0,0,2,1,3,0,1
418,419,1,0,1,1,5,0,1,3,3,0,1
419,420,1,0,0,2,0,0,2,1,3,4,0
420,421,0,0,0,1,0,1,1,1,3,3,1
421,422,0,1,0,3,0,0,0,0,3,0,1
422,423,1,1,1,2,2,0,0,0,3,4,1
423,424,1,1,1,3,1,0,0,0,3,3,1
424,425,0,1,0,3,0,0,2,1,3,0,1
425,426,0,1,1,2,1,0,3,3,3,2,1
426,427,1,1,0,3,1,1,0,1,3,4,1
427,428,1,1,0,3,1,1,0,0,3,3,1
428,429,0,1,0,2,1,0,2,2,3,0,1
429,430,0,1,1,3,1,0,2,1,3,2,1
430,431,1,1,0,2,1,0,1,3,3,3,1
431,432,1,1,1,3,1,0,1,3,3,2,1
432,433,0,1,0,3,1,0,2,1,3,0,1
433,434,0,1,0,3,0,0,3,2,3,0,1
434,435,0,1,1,2,4,0,3,3,3,2,1
435,436,0,1,1,3,1,0,3,3,3,0,1
436,437,1,1,1,2,0,1,0,0,3,4,0
437,438,0,1,0,2,2,1,1,0,3,0,1
438,439,1,1,1,2,3,0,1,3,3,2,1
439,440,0,1,1,2,0,1,1,0,3,0,1
440,441,0,1,0,3,0,1,1,0,3,0,1
441,442,0,1,1,3,1,1,1,0,3,3,1
442,443,0,1,0,2,0,1,0,0,3,3,1
443,444,0,1,1,1,2,1,1,0,3,0,1
444,445,0,1,1,3,2,1,4,3,3,0,1
445,446,1,1,0,2,1,0,1,2,3,4,1
446,447,0,1,1,2,1,0,0,1,3,0,1
447,448,0,1,0,3,0,1,0,0,3,0,0
448,449,0,1,1,2,1,0,2,2,3,0,1
449,450,1,1,1,3,1,0,0,1,3,4,0
450,451,1,1,0,2,1,1,0,0,3,4,1
451,452,1,1,0,3,1,0,2,3,3,0,1
452,453,1,1,0,2,0,0,0,0,3,2,1
453,454,0,1,1,2,0,0,0,0,3,2,0
454,455,0,1,0,2,1,0,0,1,3,0,0
455,456,0,1,0,2,0,1,1,0,3,3,1
456,457,1,1,0,3,0,1,0,0,3,3,1
457,458,0,1,0,1,2,1,0,0,3,3,1
458,459,0,1,1,2,1,0,2,3,3,0,1
459,460,0,1,0,3,0,1,1,0,3,0,1
460,461,1,1,1,3,1,0,2,2,3,3,0
461,462,0,1,1,3,2,0,4,3,3,0,0
462,463,1,1,1,3,2,0,4,4,3,3,0
463,464,0,1,0,3,1,0,4,4,3,0,1
464,465,0,1,1,3,3,0,3,2,3,2,1
465,466,1,1,1,3,4,0,4,4,3,3,1
466,467,1,1,0,2,4,0,4,4,3,3,1
467,468,0,1,0,1,1,1,4,1,3,2,1
468,469,1,1,0,2,0,0,0,0,3,1,1
469,470,0,1,0,3,1,0,3,3,3,0,1
470,471,1,1,1,3,1,0,0,1,3,4,1
471,472,1,1,0,3,1,0,1,2,3,2,0
472,473,0,1,0,2,0,0,0,0,3,2,0
473,474,0,1,0,2,0,1,2,1,3,0,1
474,475,0,1,0,3,0,1,1,0,3,3,1
475,476,1,1,1,3,1,0,1,2,3,4,1
476,477,0,1,0,2,1,1,2,2,3,0,1
477,478,1,1,0,2,2,0,3,4,3,3,1
478,479,0,1,0,3,3,0,4,3,3,0,1
479,480,1,1,1,3,3,0,0,1,3,3,1
480,481,0,1,1,2,1,1,1,0,3,2,0
481,482,1,1,0,3,0,0,0,1,3,2,0
482,483,0,1,1,3,4,0,3,3,3,0,1
483,484,1,1,1,2,1,0,0,1,3,2,0
484,485,0,1,0,3,3,0,4,4,3,2,0
485,486,1,1,1,3,1,0,0,1,3,3,1
486,487,1,1,0,3,2,0,1,2,3,2,1
487,488,1,1,1,3,4,0,4,4,3,0,1
488,489,1,1,1,3,0,0,0,1,3,2,1
489,490,0,2,0,3,0,1,0,0,3,0,1
490,491,0,2,1,3,3,0,2,2,3,2,1
491,492,1,2,1,2,3,0,3,4,3,4,1
492,493,1,2,0,3,3,0,3,4,3,4,1
493,494,0,2,0,3,1,0,2,1,3,0,0
494,495,0,2,0,1,2,0,3,2,3,0,1
495,496,1,2,0,3,0,0,1,1,3,4,0
496,497,1,2,0,3,0,0,0,0,3,0,0
497,498,0,2,0,1,4,0,3,3,3,0,1
498,499,1,2,1,2,4,1,4,0,3,3,1
499,500,1,2,0,2,1,0,1,3,3,4,1
500,501,1,2,0,3,1,0,0,1,3,3,0
501,502,0,2,0,3,2,1,1,1,3,3,1
502,503,1,2,1,1,1,0,0,0,3,3,0
503,504,0,2,1,2,1,1,2,1,3,0,1
504,505,1,2,1,2,1,1,0,0,3,4,1
505,506,0,2,1,3,3,1,3,1,3,0,1
506,507,1,2,1,3,1,0,1,1,3,2,1
507,508,0,2,1,3,2,0,4,3,3,0,0
508,509,0,2,0,2,3,0,3,3,3,2,1
509,510,0,2,0,3,1,0,3,3,3,0,1
510,511,0,2,1,3,1,0,3,3,3,0,1
511,512,0,2,0,3,0,0,0,0,3,2,1
512,513,1,2,1,3,1,0,0,0,3,2,1
513,514,0,2,0,3,2,0,2,1,3,0,1
514,515,1,2,1,3,1,1,0,0,3,4,0
515,516,0,2,0,3,1,1,0,0,3,0,0
516,517,0,2,1,3,0,1,0,0,3,3,1
517,518,1,2,0,3,2,1,0,0,3,3,1
518,519,0,2,1,2,0,0,1,0,3,2,1
519,520,1,2,0,2,3,0,3,4,3,3,0
520,521,0,2,1,2,4,0,3,3,3,2,1
521,522,0,2,1,3,1,0,4,4,3,0,0
522,523,1,2,0,2,2,0,0,0,3,4,1
523,524,0,2,0,3,0,0,1,1,3,2,1
524,525,0,2,0,3,3,0,3,3,3,0,1
525,526,1,2,1,3,3,0,1,2,3,4,1
526,527,1,2,1,1,1,1,1,3,3,4,1
527,528,0,2,0,3,4,0,3,2,3,0,1
528,529,0,2,1,2,3,0,4,4,3,0,1
529,530,0,2,0,3,0,1,0,0,3,0,1
530,531,0,2,1,3,0,0,3,3,3,2,1
531,532,1,2,1,3,4,0,3,4,3,1,1
532,533,1,2,0,3,1,0,2,3,3,4,1
533,534,0,2,1,3,3,0,4,3,3,2,1
534,535,1,2,1,3,3,0,1,3,3,2,0
535,536,0,2,1,1,2,0,2,1,3,2,1
536,537,0,2,1,2,1,1,1,1,3,0,1
537,538,1,2,0,2,2,0,2,3,3,3,1
538,539,0,2,0,2,3,1,3,2,3,2,0
539,540,1,3,1,2,1,0,0,0,3,4,1
540,541,1,3,1,2,1,0,0,0,3,4,1
541,542,0,3,1,3,2,1,3,3,3,2,0
542,543,0,3,0,3,3,0,4,4,3,2,0
543,544,0,3,0,3,0,1,1,0,3,3,1
544,545,0,3,0,3,1,1,1,0,3,0,1
545,546,0,3,0,3,0,1,1,0,3,0,1
546,547,1,3,1,3,3,0,0,1,3,3,0
547,548,1,3,0,2,2,0,4,4,3,4,0
548,549,1,3,1,3,3,1,0,0,3,4,0
549,550,1,3,0,2,2,0,2,3,3,4,1
550,551,0,3,0,3,2,0,3,3,3,0,1
551,552,1,3,0,3,4,0,4,4,3,2,1
552,553,1,3,1,2,2,0,2,3,3,3,0
553,554,1,3,0,3,2,0,0,0,3,3,1
554,555,1,3,1,3,2,0,0,1,3,3,1
555,556,0,3,1,3,1,0,2,2,3,0,1
556,557,1,3,0,3,4,1,0,1,3,3,1
557,558,0,3,0,3,1,0,1,0,3,2,1
558,559,1,3,0,3,3,1,4,4,3,3,1
559,560,0,3,1,3,2,0,4,4,3,0,1
560,561,0,3,0,2,3,0,4,3,3,0,1
561,562,0,3,0,3,3,0,4,4,3,0,1
562,563,1,3,0,3,1,0,1,2,3,2,0
563,564,0,3,0,3,2,1,2,1,3,2,1
564,565,1,3,0,2,3,0,4,4,3,4,1
565,566,0,3,0,3,2,0,0,1,3,0,1
566,567,0,3,1,1,2,1,0,0,3,0,1
567,568,0,3,1,3,1,1,2,1,3,0,1
568,569,0,3,0,3,0,0,0,0,3,2,1
569,570,1,3,1,1,1,0,0,1,3,0,1
570,571,0,3,0,1,2,0,4,3,3,0,0
571,572,0,3,0,1,0,1,2,0,3,3,1
572,573,0,3,1,2,3,0,4,4,3,0,1
573,574,0,3,1,3,4,0,4,4,3,2,1
574,575,0,3,0,3,0,0,3,1,3,0,1
575,576,0,3,0,3,3,0,3,2,3,2,1
576,577,1,3,1,3,4,1,1,2,3,4,1
577,578,0,3,1,3,1,0,4,4,3,0,1
578,579,0,3,0,3,2,1,2,1,3,2,1
579,580,1,3,0,3,1,0,1,2,3,3,1
580,581,0,3,0,1,1,0,1,1,3,0,1
581,582,0,3,0,3,0,1,0,0,3,3,1
582,583,0,3,1,3,4,0,2,1,3,0,1
583,584,0,3,0,3,2,0,4,3,3,0,1
584,585,0,3,0,3,2,0,2,2,3,0,1
585,586,0,3,1,3,0,1,0,0,3,3,1
586,587,1,3,0,3,1,1,1,2,3,3,1
587,588,1,3,1,3,0,0,2,3,3,3,1
588,589,1,3,1,3,0,0,0,1,3,3,1
589,590,1,3,1,1,0,1,0,0,3,3,1
590,591,0,3,0,3,4,0,4,4,3,0,1
591,592,1,3,0,3,2,1,2,1,3,4,1
592,593,0,3,0,3,2,0,4,4,3,0,1
593,594,1,4,1,3,0,1,0,0,3,3,1
594,595,0,4,0,3,0,1,2,1,3,0,1
595,596,0,4,0,3,0,1,1,0,3,0,1
596,597,0,4,0,3,4,0,1,0,3,3,1
597,598,0,4,0,1,2,1,0,0,3,3,1
598,599,1,4,0,3,4,0,1,2,3,2,1
599,600,0,4,1,3,2,0,4,4,3,2,1
600,601,0,4,0,3,0,0,3,2,3,0,1
601,602,1,4,1,3,3,0,1,2,3,0,1
602,603,1,4,0,2,2,0,1,2,3,4,1
603,604,1,4,0,3,1,0,2,3,3,4,1
604,605,1,4,1,1,4,0,0,0,3,4,1
605,606,0,4,0,3,1,0,2,0,3,0,0
606,607,1,4,1,3,4,1,3,3,3,4,1
607,608,1,4,0,3,3,1,0,1,3,3,1
608,609,1,4,0,3,4,0,4,4,3,3,0
609,610,0,4,0,3,0,1,2,1,3,0,1
610,611,1,4,1,3,0,1,1,0,3,3,1
611,612,0,4,0,1,0,1,0,0,3,0,1
612,613,0,4,1,2,1,0,2,1,3,2,1
613,614,1,4,0,3,2,0,2,2,3,3,0
614,615,1,4,0,3,2,1,2,3,3,4,0
615,616,1,4,1,3,3,0,3,4,3,3,1
616,617,1,4,1,1,2,0,1,2,3,2,1
617,618,0,4,0,3,2,0,4,4,3,0,1
618,619,0,4,0,2,4,0,3,2,3,0,1
619,620,0,4,0,1,2,0,2,2,3,0,1
620,621,0,4,1,2,0,0,1,1,3,0,1
621,622,0,4,1,3,2,0,3,3,3,2,1
622,623,0,4,1,2,3,0,3,3,3,3,1
623,624,0,4,0,1,2,0,4,4,3,2,1
624,625,1,4,1,3,2,0,2,3,3,3,1
625,626,0,4,1,3,4,0,4,4,3,0,1
626,627,1,4,0,3,1,0,0,1,3,2,1
627,628,0,4,1,2,0,0,2,1,3,0,0
628,629,0,4,0,3,4,0,4,4,3,2,1
629,630,0,4,1,3,4,1,4,4,3,0,0
630,631,1,4,0,3,4,1,3,4,3,4,1
631,632,0,4,1,3,4,0,2,1,3,2,0
632,633,0,4,0,3,3,0,4,3,3,0,1
633,634,0,4,0,2,1,0,2,2,3,0,1
634,635,1,4,0,3,2,0,4,4,3,3,1
635,636,1,4,0,1,1,0,1,2,3,0,1
636,637,0,4,1,3,1,1,2,1,3,2,1
637,638,1,4,0,3,2,0,0,1,3,4,1
638,639,0,4,1,3,3,0,4,3,3,0,1
639,640,1,4,0,0,3,1,2,4,3,3,1
640,641,0,4,0,3,4,1,4,4,3,2,1
641,642,1,4,0,3,4,0,1,2,3,3,1
642,643,1,4,0,3,4,0,1,2,3,3,1
643,644,1,4,0,3,4,0,1,2,3,3,1
644,645,1,4,0,3,4,0,0,1,3,3,1
645,646,1,4,0,3,4,0,0,1,3,3,1
646,647,1,4,0,3,4,0,0,1,3,3,1
647,648,0,4,0,1,1,0,3,3,3,0,1
648,649,0,4,1,3,3,0,3,2,3,2,0
649,650,0,0,0,2,1,0,3,3,2,0,1
650,651,0,0,1,3,3,1,4,4,2,2,1
651,652,1,0,1,2,2,0,1,2,2,3,0
652,653,0,0,0,2,1,0,4,3,2,2,1
653,654,0,0,1,2,2,1,4,4,2,0,1
654,655,1,0,1,1,1,0,0,2,2,4,1
655,656,0,0,1,2,2,1,3,3,2,2,1
656,657,0,0,0,2,0,0,0,0,2,2,1
657,658,1,0,1,1,2,1,2,4,2,3,1
658,659,0,0,0,2,0,0,2,1,2,0,0
659,660,0,0,1,2,2,1,4,4,2,2,1
660,661,1,0,1,1,2,1,2,3,2,2,1
661,662,0,0,1,2,1,0,2,1,2,2,0
662,663,0,0,0,2,3,0,4,4,2,0,1
663,664,0,0,1,2,1,1,3,2,2,0,1
664,665,0,0,0,2,0,0,2,1,2,0,1
665,666,1,0,1,2,1,0,1,3,2,4,1
666,667,1,0,1,2,1,0,2,3,2,2,1
667,668,0,0,1,2,2,1,4,4,2,2,1
668,669,0,0,0,2,1,0,3,2,2,0,1
669,670,1,0,1,2,2,0,2,3,2,4,1
670,671,1,0,1,2,1,0,0,0,2,2,1
671,672,0,0,0,2,1,0,2,2,2,0,0
672,673,1,0,1,3,4,0,0,1,2,4,1
673,674,1,0,0,2,3,0,1,2,2,3,1
674,675,1,0,1,2,1,1,1,2,2,0,1
675,676,0,0,0,2,3,0,4,4,2,0,0
676,677,0,0,1,2,0,0,1,1,2,0,1
677,678,1,0,1,2,1,0,0,1,2,3,1
678,679,0,0,0,2,1,0,3,3,2,0,1
679,680,1,0,0,2,0,0,4,4,2,4,1
680,681,0,0,1,2,0,0,1,1,2,0,1
681,682,0,0,1,3,1,0,1,1,2,2,0
682,683,0,0,0,2,1,0,3,3,2,2,1
683,684,0,0,1,3,0,0,0,0,2,2,1
684,685,1,0,1,2,0,0,0,1,2,4,1
685,686,1,0,1,2,0,0,1,2,2,4,1
686,687,0,0,0,2,1,0,4,2,2,0,1
687,688,0,0,0,2,4,0,1,1,2,2,1
688,689,0,0,1,2,1,0,3,3,2,2,1
689,690,0,0,1,3,2,0,3,3,2,0,1
690,691,1,0,1,2,1,0,1,2,2,4,0
691,692,1,0,0,1,2,0,3,4,2,2,0
692,693,0,0,0,2,4,1,4,4,2,2,1
693,694,0,0,1,2,1,1,3,2,2,2,1
694,695,0,0,1,3,2,0,3,3,2,2,0
695,696,0,0,1,2,0,0,2,1,2,0,0
696,697,1,0,1,3,1,0,0,0,2,3,1
697,698,0,0,0,3,0,0,0,0,2,0,1
698,699,0,0,0,2,0,0,2,2,2,2,1
699,700,0,0,1,2,0,0,0,0,2,0,1
700,701,0,0,0,2,0,0,1,0,2,0,1
701,702,1,0,0,2,2,0,1,3,2,4,1
702,703,1,0,1,2,1,0,1,2,2,4,1
703,704,0,0,1,3,4,0,2,1,2,2,1
704,705,1,0,1,3,4,0,2,2,2,0,1
705,706,0,0,1,3,2,0,4,3,2,0,1
706,707,1,0,1,2,2,0,3,4,2,4,0
707,708,0,0,0,2,0,0,1,0,2,0,1
708,709,0,0,1,2,1,1,3,3,2,2,1
709,710,0,0,0,2,1,0,2,2,2,0,1
710,711,1,0,1,2,0,0,1,2,2,3,0
711,712,0,0,0,2,1,0,3,1,2,0,1
712,713,0,0,0,2,1,0,2,2,2,0,1
713,714,0,0,0,2,0,0,3,1,2,0,1
714,715,0,0,1,1,1,0,3,2,2,0,1
715,716,0,0,1,3,2,0,4,4,2,2,1
716,717,0,0,1,2,2,0,4,2,2,2,1
717,718,0,0,1,2,1,0,1,0,2,0,1
718,719,0,0,1,3,0,0,3,3,2,0,1
719,720,0,0,1,2,0,0,2,1,2,0,1
720,721,1,0,0,2,3,1,3,3,2,0,1
721,722,1,0,0,3,1,0,1,2,2,3,1
722,723,0,0,0,2,1,0,1,2,2,0,1
723,724,1,0,1,2,2,0,0,1,2,4,1
724,725,1,0,0,2,0,0,0,0,2,0,1
725,726,1,0,0,2,0,0,0,0,2,1,0
726,727,1,0,0,2,0,0,0,0,2,3,1
727,728,1,0,1,3,0,0,4,4,2,4,0
728,729,1,0,1,2,1,0,2,3,2,4,1
729,730,0,0,1,2,1,0,2,2,2,0,1
730,731,0,0,1,3,2,0,3,3,2,0,1
731,732,0,0,0,2,1,0,3,2,2,2,1
732,733,1,0,0,2,1,1,3,4,2,3,1
733,734,0,0,1,2,4,0,4,3,2,0,1
734,735,1,0,1,3,4,0,1,1,2,3,1
735,736,0,0,0,2,0,1,4,3,2,0,1
736,737,1,0,1,2,1,0,0,0,2,3,1
737,738,1,0,1,1,1,0,1,3,2,4,1
738,739,1,0,0,2,3,0,3,4,2,0,0
739,740,0,0,0,2,1,0,3,3,2,0,1
740,741,0,0,0,2,1,0,2,2,2,0,1
741,742,0,0,0,2,1,0,3,3,2,0,1
742,743,0,0,0,2,1,0,2,2,2,2,1
743,744,1,0,0,2,1,0,1,2,2,2,1
744,745,1,0,0,2,1,0,1,3,2,4,1
745,746,0,0,0,2,0,0,3,3,2,0,1
746,747,0,0,1,2,0,0,2,1,2,2,1
747,748,0,0,0,2,0,1,3,2,2,2,1
748,749,1,0,0,2,1,1,0,1,2,4,1
749,750,1,0,1,2,0,0,0,1,2,0,1
750,751,0,0,1,2,0,0,2,1,2,0,1
751,752,1,0,0,3,4,0,0,1,2,0,0
752,753,0,0,0,3,2,0,2,2,2,0,1
753,754,0,0,1,3,0,0,3,2,2,0,1
754,755,0,0,0,2,0,0,3,3,2,2,1
755,756,0,0,1,2,1,0,2,2,2,2,1
756,757,1,0,1,2,0,0,1,2,2,0,1
757,758,0,0,0,2,1,0,2,2,2,0,1
758,759,0,0,1,3,1,0,3,3,2,2,0
759,760,1,0,0,2,3,0,3,4,2,4,1
760,761,1,0,0,1,2,0,2,3,2,4,1
761,762,0,0,0,1,2,0,3,3,2,0,1
762,763,0,0,0,2,0,0,2,1,2,0,1
763,764,0,0,0,3,1,0,2,1,2,2,1
764,765,0,0,0,3,2,0,3,2,2,0,0
765,766,0,0,0,3,4,0,3,3,2,0,1
766,767,0,0,1,3,3,0,4,4,2,0,1
767,768,0,0,1,3,4,1,4,4,2,0,0
768,769,1,0,0,2,1,1,0,1,2,3,1
769,770,0,0,1,3,2,0,1,0,2,0,1
770,771,0,0,0,2,1,0,3,2,2,0,1
771,772,0,0,1,1,3,0,2,1,2,0,1
772,773,0,0,0,2,1,0,1,3,2,0,1
773,774,1,0,0,1,2,0,1,1,2,3,0
774,775,1,0,1,2,3,0,4,4,2,3,0
775,776,1,0,0,2,2,0,1,3,2,4,1
776,777,0,0,0,2,1,0,2,2,2,0,1
777,778,0,0,0,2,0,0,2,1,2,0,1
778,779,0,0,1,1,1,0,2,1,2,0,0
779,780,0,0,0,2,2,0,3,3,2,0,1
780,781,0,0,1,3,4,1,4,4,2,0,1
781,782,1,0,1,1,3,0,0,1,2,3,1
782,783,0,0,1,1,0,0,0,0,2,2,1
783,784,0,0,0,3,1,0,3,2,2,0,1
784,785,1,0,1,3,0,0,1,2,2,3,1
785,786,0,0,0,2,0,0,2,2,2,0,1
786,787,0,0,1,1,1,0,2,1,2,2,1
787,788,1,1,1,3,0,0,1,2,2,3,1
788,789,0,1,0,1,0,0,2,0,2,0,0
789,790,1,1,0,2,1,1,0,0,2,4,1
790,791,0,1,0,2,1,0,3,1,2,2,1
791,792,1,1,0,2,1,0,2,3,2,4,1
792,793,0,1,1,2,1,0,3,2,2,0,1
793,794,1,1,0,3,0,0,0,1,2,0,1
794,795,0,1,0,2,2,0,2,1,2,2,1
795,796,0,1,1,3,4,0,2,1,2,0,1
796,797,1,1,0,2,3,0,2,4,2,3,0
797,798,1,1,1,2,1,1,0,0,2,0,0
798,799,1,1,0,1,1,0,2,3,2,2,1
799,800,0,1,1,2,1,0,3,3,2,0,1
800,801,0,1,1,2,1,0,2,2,2,0,1
801,802,1,1,0,2,0,0,1,2,2,4,1
802,803,0,1,0,1,0,0,2,1,2,2,1
803,804,1,1,0,2,0,1,0,0,2,0,1
804,805,0,1,1,2,0,0,3,1,2,2,1
805,806,0,1,1,3,2,1,3,2,2,0,1
806,807,1,1,1,1,1,0,1,3,2,3,1
807,808,0,1,0,2,1,0,2,1,2,0,1
808,809,0,1,1,1,0,0,2,1,2,0,1
809,810,1,1,0,3,2,0,1,2,2,4,1
810,811,0,1,0,2,0,0,2,1,2,0,0
811,812,1,1,0,2,2,0,2,3,2,2,1
812,813,1,1,1,2,3,0,0,1,2,3,1
813,814,1,1,1,2,1,1,0,1,2,3,1
814,815,1,1,0,1,2,0,1,2,2,2,1
815,816,1,1,1,3,0,0,1,3,2,3,1
816,817,0,1,1,3,4,1,3,2,2,2,1
817,818,0,1,0,1,0,0,2,2,2,0,1
818,819,1,1,1,2,0,0,1,2,2,4,1
819,820,0,1,0,2,0,0,2,2,2,0,0
820,821,0,1,1,1,0,0,1,1,2,0,0
821,822,1,1,1,1,3,0,2,3,2,3,1
822,823,1,1,1,3,1,0,3,4,2,4,0
823,824,1,1,1,2,3,1,4,3,2,4,1
824,825,0,1,0,2,4,0,1,1,2,2,1
825,826,0,1,0,2,4,0,4,1,2,2,1
826,827,0,1,0,3,2,0,4,3,2,0,1
827,828,0,1,0,3,3,1,2,1,2,0,0
828,829,0,1,0,2,1,0,4,4,2,0,1
829,830,0,1,0,3,1,0,3,3,2,0,1
830,831,0,1,0,2,1,0,3,3,2,0,0
831,832,0,1,0,2,2,0,4,4,2,0,1
832,833,1,1,1,2,1,0,2,3,2,3,1
833,834,1,1,1,2,1,1,0,1,2,3,1
834,835,1,1,1,3,4,1,0,0,2,4,1
835,836,0,1,1,2,0,0,2,1,2,2,1
836,837,0,1,0,2,1,1,2,1,2,0,1
837,838,1,1,1,3,3,0,1,3,2,4,0
838,839,0,1,0,3,1,0,2,1,2,0,1
839,840,1,1,1,3,1,0,0,0,2,2,0
840,841,1,1,0,2,1,0,0,0,2,3,1
841,842,1,1,0,2,1,0,0,0,2,3,1
842,843,1,1,0,2,1,0,0,0,2,3,1
843,844,0,1,0,2,1,0,3,3,2,0,1
844,845,0,1,0,2,2,0,3,3,2,0,1
845,846,1,1,1,2,4,1,4,4,2,3,1
846,847,0,1,1,3,0,0,2,1,2,0,1
847,848,0,1,0,3,2,0,4,4,2,2,1
848,849,0,1,0,3,1,0,3,1,2,2,1
849,850,1,1,0,2,1,1,0,0,2,3,1
850,851,1,1,0,2,1,1,0,1,2,2,0
851,852,0,1,0,3,1,0,1,1,2,0,1
852,853,0,1,1,3,2,0,4,4,2,0,0
853,854,1,1,0,2,2,0,0,1,2,2,1
854,855,1,1,0,2,3,0,3,4,2,3,1
855,856,1,1,0,2,0,0,2,4,2,0,1
856,857,0,1,0,2,2,0,3,3,2,0,1
857,858,1,1,0,3,1,0,0,1,2,3,1
858,859,0,1,0,3,1,0,4,3,2,2,1
859,860,0,1,1,3,2,0,1,1,2,0,1
860,861,1,1,1,3,3,1,2,3,2,3,0
861,862,1,1,1,2,1,0,1,2,2,2,1
862,863,0,1,1,3,3,0,1,2,2,2,1
863,864,0,1,0,3,3,0,3,3,2,0,0
864,865,0,1,0,3,1,0,2,1,2,0,1
865,866,1,1,1,3,4,1,4,4,2,4,1
866,867,0,1,0,2,0,0,3,2,2,0,1
867,868,0,1,0,3,2,0,3,3,2,0,1
868,869,0,1,1,3,3,1,0,0,2,0,1
869,870,0,1,1,3,0,0,3,3,2,2,1
870,871,0,1,1,3,2,0,3,2,2,0,1
871,872,1,1,0,3,0,0,0,0,2,4,1
872,873,1,1,0,3,3,0,1,2,2,0,0
873,874,1,1,1,1,1,0,2,3,2,0,0
874,875,1,1,1,1,1,0,1,2,2,2,0
875,876,1,1,0,3,1,0,1,0,2,4,1
876,877,0,1,1,1,0,0,1,1,2,2,1
877,878,0,1,0,2,3,0,3,3,2,0,0
878,879,0,1,1,2,3,0,4,3,2,0,1
879,880,1,1,0,2,1,0,0,0,2,3,1
880,881,0,1,0,2,2,0,4,4,2,0,1
881,882,0,1,1,2,2,0,4,4,2,0,1
882,883,0,1,0,3,2,0,3,3,2,0,1
883,884,0,1,1,2,0,0,2,0,2,0,0
884,885,0,1,0,2,2,0,3,2,2,0,1
885,886,1,1,0,2,1,0,1,3,2,4,1
886,887,0,1,0,2,0,0,3,2,2,0,1
887,888,0,1,0,1,2,0,2,1,2,0,0
888,889,0,1,1,2,0,0,1,1,2,0,1
889,890,1,1,0,2,0,0,0,1,2,3,1
890,891,1,1,1,2,0,0,0,1,2,3,1
891,892,1,1,1,2,1,0,1,2,2,4,1
892,893,0,1,0,3,1,0,2,2,2,2,1
893,894,0,1,0,3,2,0,4,3,2,0,1
894,895,0,1,0,0,1,0,3,3,2,0,1
895,896,1,1,1,1,1,0,1,2,2,4,1
896,897,0,1,1,2,1,0,2,1,2,2,1
897,898,1,1,0,3,2,0,1,3,2,3,1
898,899,1,2,1,2,0,0,0,0,2,0,1
899,900,1,2,1,2,1,0,0,1,2,4,1
900,901,0,2,0,3,0,0,1,0,2,0,1
901,902,1,2,0,2,4,1,4,4,2,3,1
902,903,0,2,1,3,4,0,3,3,2,2,0
903,904,1,2,1,1,2,0,1,2,2,0,0
904,905,0,2,0,2,0,0,3,2,2,0,1
905,906,0,2,0,2,0,0,2,2,2,0,0
906,907,1,2,0,1,2,0,2,3,2,4,1
907,908,0,2,1,2,1,0,2,1,2,0,1
908,909,0,2,1,3,3,0,3,1,2,0,1
909,910,1,2,1,2,1,0,1,2,2,0,1
910,911,1,2,1,1,0,0,0,1,2,3,1
911,912,1,2,1,3,2,1,0,1,2,2,1
912,913,1,2,0,2,0,0,0,1,2,4,1
913,914,0,2,0,3,3,0,4,4,2,0,1
914,915,1,2,0,3,4,0,4,4,2,4,1
915,916,0,2,0,3,3,0,4,4,2,0,1
916,917,1,2,1,1,1,0,1,3,2,2,0
917,918,1,2,0,2,1,0,1,2,2,3,1
918,919,0,2,0,1,1,0,3,2,2,2,1
919,920,0,2,1,1,2,0,1,0,2,0,0
920,921,1,2,0,3,2,0,1,3,2,1,1
921,922,0,2,0,3,1,0,3,3,2,2,1
922,923,0,2,1,3,3,0,3,3,2,2,1
923,924,1,2,1,2,1,0,0,1,2,4,0
924,925,1,2,0,3,1,1,3,2,2,3,1
925,926,1,2,0,3,3,1,4,4,2,3,1
926,927,1,2,1,3,0,0,0,1,2,4,1
927,928,1,2,0,3,3,0,0,1,2,3,0
928,929,0,2,0,3,1,0,3,2,2,0,1
929,930,0,2,0,3,0,0,2,2,2,0,1
930,931,1,2,0,3,3,1,2,3,2,4,1
931,932,1,2,1,0,2,1,1,1,2,3,1
932,933,0,2,0,3,0,1,3,2,2,0,1
933,934,1,2,0,0,2,0,0,0,2,2,1
934,935,0,2,1,3,2,0,0,0,2,0,1
935,936,0,2,0,3,3,0,1,0,2,2,1
936,937,1,2,1,3,1,0,0,0,2,3,1
937,938,1,2,1,3,4,0,0,1,2,4,0
938,939,0,2,1,3,1,0,3,1,2,0,0
939,940,1,2,0,3,4,0,4,4,2,4,0
940,941,1,2,0,3,1,0,1,2,2,0,1
941,942,1,2,0,2,1,0,0,0,2,3,1
942,943,1,2,0,3,1,0,2,1,2,0,1
943,944,1,2,0,2,1,1,1,2,2,3,1
944,945,0,2,0,3,3,0,4,4,2,0,1
945,946,0,2,0,2,2,1,3,2,2,0,1
946,947,0,2,1,3,4,0,4,4,2,0,1
947,948,1,2,0,2,1,0,2,3,2,4,1
948,949,1,2,0,3,2,0,2,4,2,3,1
949,950,0,2,1,2,2,0,4,4,2,0,1
950,951,1,2,1,2,3,0,3,4,2,4,1
951,952,1,2,1,3,3,0,2,3,2,0,1
952,953,0,2,0,3,2,0,2,2,2,2,1
953,954,1,2,1,3,3,0,2,2,2,0,0
954,955,0,2,1,3,0,0,2,1,2,0,1
955,956,0,2,1,2,1,0,2,1,2,0,1
956,957,1,2,0,3,0,0,0,0,2,4,1
957,958,1,2,0,1,1,1,0,2,2,4,1
958,959,0,2,0,3,1,0,3,3,2,0,1
959,960,0,2,1,3,0,0,3,3,2,0,1
960,961,0,2,1,2,4,1,1,0,2,2,1
961,962,1,2,1,3,1,0,0,1,2,4,1
962,963,0,2,0,2,0,0,3,3,2,0,1
963,964,1,2,0,1,1,0,2,2,2,4,0
964,965,1,2,0,0,1,1,3,2,2,0,1
965,966,0,2,1,0,0,0,0,0,2,2,1
966,967,0,2,0,3,2,0,0,0,2,0,0
967,968,1,2,1,3,0,0,0,0,2,4,1
968,969,0,2,1,2,4,0,4,4,2,0,1
969,970,1,2,0,3,4,0,4,4,2,0,1
970,971,0,2,1,3,1,1,4,4,2,2,1
971,972,1,2,0,3,3,0,2,4,2,4,1
972,973,0,2,0,3,2,0,1,1,2,0,1
973,974,0,2,1,3,4,0,2,1,2,0,0
974,975,1,2,1,3,1,0,1,2,2,4,1
975,976,1,2,1,1,0,0,0,0,2,3,0
976,977,1,2,1,3,3,1,0,1,2,3,1
977,978,0,2,1,3,0,0,2,1,2,0,1
978,979,0,2,0,3,2,0,3,2,2,2,1
979,980,0,2,0,2,1,0,3,3,2,0,1
980,981,0,2,0,2,1,0,3,2,2,0,1
981,982,1,2,1,3,3,0,2,3,2,4,1
982,983,1,2,1,3,3,1,0,0,2,4,1
983,984,1,2,1,3,3,0,1,2,2,3,1
984,985,0,2,0,3,0,0,2,0,2,0,1
985,986,0,2,1,3,2,0,0,1,2,0,0
986,987,0,2,0,3,0,0,3,2,2,0,0
987,988,0,2,1,3,3,0,3,3,2,0,1
988,989,0,2,0,3,1,0,3,2,2,2,0
989,990,0,2,0,2,3,0,4,4,2,2,0
990,991,0,2,1,3,0,0,0,0,2,2,1
991,992,0,2,0,3,0,0,0,0,2,2,1
992,993,1,2,0,2,1,0,0,0,2,2,1
993,994,1,2,0,3,2,0,0,0,2,4,1
994,995,0,2,0,3,3,1,3,1,2,2,1
995,996,0,2,0,2,3,0,0,1,2,3,1
996,997,0,2,1,2,0,0,2,1,2,0,0
997,998,0,2,1,2,1,0,3,2,2,0,1
998,999,0,2,0,2,0,0,2,1,2,2,1
999,1000,1,2,1,2,1,0,1,3,2,0,1
1000,1001,1,2,1,1,0,0,0,1,2,4,1
1001,1002,1,2,0,3,1,0,2,3,2,0,0
1002,1003,0,2,0,3,0,0,4,4,2,2,1
1003,1004,0,2,1,2,0,0,1,0,2,0,1
1004,1005,1,2,1,3,4,1,2,4,2,3,1
1005,1006,1,2,1,2,3,0,2,3,2,2,1
1006,1007,0,2,0,3,0,0,2,2,2,2,1
1007,1008,0,2,1,3,2,0,4,4,2,0,1
1008,1009,1,2,0,2,2,1,1,2,2,3,1
1009,1010,1,2,0,3,1,0,0,1,2,4,1
1010,1011,1,2,1,3,4,0,1,2,2,4,1
1011,1012,1,2,0,1,4,1,2,3,2,2,1
1012,1013,0,2,0,3,4,0,3,2,2,0,0
1013,1014,1,2,0,3,3,0,3,4,2,0,0
1014,1015,1,2,0,3,2,1,2,4,2,3,1
1015,1016,1,3,0,1,3,0,1,3,2,3,0
1016,1017,0,3,0,2,3,0,3,3,2,0,0
1017,1018,0,3,1,2,1,0,1,1,2,2,1
1018,1019,0,3,1,1,2,0,4,4,2,0,1
1019,1020,0,3,1,3,4,0,4,4,2,0,1
1020,1021,0,3,1,3,0,0,2,1,2,0,1
1021,1022,0,3,1,1,1,0,3,2,2,0,1
1022,1023,0,3,0,3,2,1,4,4,2,0,1
1023,1024,1,3,1,2,1,0,1,3,2,0,0
1024,1025,1,3,0,1,0,0,0,2,2,4,1
1025,1026,1,3,0,3,3,0,1,2,2,3,1
1026,1027,0,3,1,3,2,0,3,3,2,0,1
1027,1028,1,3,0,3,0,1,2,1,2,4,0
1028,1029,1,3,0,3,4,0,4,4,2,3,1
1029,1030,0,3,1,1,1,0,2,1,2,0,1
1030,1031,1,3,0,3,4,1,1,3,2,0,1
1031,1032,1,3,0,3,1,0,1,2,2,4,1
1032,1033,0,3,1,3,2,0,3,3,2,0,1
1033,1034,0,3,1,1,1,0,3,3,2,2,1
1034,1035,0,3,0,3,2,0,4,4,2,0,1
1035,1036,0,3,0,3,5,0,4,4,2,0,1
1036,1037,0,3,1,3,3,1,4,2,2,3,1
1037,1038,0,3,0,3,2,0,3,2,2,0,0
1038,1039,0,3,0,3,1,0,1,1,2,0,1
1039,1040,0,3,0,1,3,0,2,0,2,2,0
1040,1041,0,3,1,3,4,0,3,3,2,0,1
1041,1042,1,3,1,3,1,0,0,1,2,4,0
1042,1043,0,3,0,3,4,1,4,4,2,2,0
1043,1044,1,3,0,3,2,0,0,0,2,4,1
1044,1045,1,3,1,3,4,0,4,4,2,4,1
1045,1046,0,3,1,0,2,0,1,1,2,2,1
1046,1047,0,3,0,3,1,0,2,2,2,0,1
1047,1048,1,3,1,3,2,1,4,0,2,4,1
1048,1049,1,3,0,3,4,1,0,1,2,3,1
1049,1050,0,3,0,3,3,0,4,4,2,0,0
1050,1051,1,3,1,3,4,1,4,4,2,0,0
1051,1052,1,3,1,1,0,1,0,0,2,3,0
1052,1053,1,3,1,3,1,1,0,0,2,3,1
1053,1054,0,3,1,2,2,0,3,3,2,2,1
1054,1055,0,3,1,3,0,0,2,1,2,2,1
1055,1056,0,3,0,3,4,1,4,4,2,0,1
1056,1057,1,3,1,3,3,1,2,2,2,4,1
1057,1058,1,3,0,3,5,1,0,1,2,3,1
1058,1059,1,3,0,3,3,0,2,3,2,4,1
1059,1060,0,3,1,3,3,0,3,2,2,0,1
1060,1061,0,3,1,3,4,0,3,3,2,0,1
1061,1062,0,3,1,3,3,1,2,1,2,0,1
1062,1063,0,3,0,3,3,0,2,1,2,0,0
1063,1064,1,3,0,2,2,0,0,1,2,1,1
1064,1065,1,3,1,2,1,0,0,0,2,4,0
1065,1066,1,3,0,3,4,0,4,4,2,3,0
1066,1067,0,3,0,3,1,0,4,3,2,0,0
1067,1068,1,3,0,3,4,0,0,1,2,4,1
1068,1069,1,3,0,3,3,0,1,2,2,3,1
1069,1070,1,3,1,2,1,0,1,2,2,0,1
1070,1071,1,3,0,1,0,0,1,2,2,4,1
1071,1072,1,3,1,3,4,0,3,4,2,3,1
1072,1073,0,3,0,1,2,0,3,3,2,0,0
1073,1074,0,3,1,3,4,0,4,4,2,0,1
1074,1075,1,3,1,1,2,1,0,0,2,3,1
1075,1076,1,3,0,3,2,0,3,4,2,3,1
1076,1077,0,3,0,3,1,0,2,2,2,2,1
1077,1078,1,3,1,3,1,0,1,3,2,4,1
1078,1079,1,3,0,3,4,1,2,3,2,4,1
1079,1080,0,3,1,3,4,0,4,4,2,2,0
1080,1081,0,3,1,3,4,0,4,4,2,2,1
1081,1082,1,3,1,3,1,0,2,4,2,4,1
1082,1083,0,3,0,1,4,0,3,2,2,0,0
1083,1084,0,3,0,2,0,0,4,3,2,0,1
1084,1085,0,3,0,3,1,0,3,3,2,0,1
1085,1086,1,3,0,3,3,0,1,1,2,3,1
1086,1087,0,3,1,3,1,1,2,1,2,0,1
1087,1088,0,3,0,3,1,0,3,2,2,0,1
1088,1089,0,3,0,3,2,0,3,3,2,0,1
1089,1090,0,3,0,3,4,0,4,4,2,0,1
1090,1091,0,3,1,3,4,0,4,4,2,0,1
1091,1092,0,3,0,3,3,0,4,3,2,0,1
1092,1093,1,3,0,3,1,1,1,2,2,0,1
1093,1094,1,3,1,3,4,0,4,4,2,3,1
1094,1095,1,3,0,3,3,0,3,4,2,3,1
1095,1096,1,3,0,3,1,0,0,0,2,3,1
1096,1097,0,3,1,3,4,1,4,4,2,2,1
1097,1098,0,3,0,3,3,0,2,1,2,0,1
1098,1099,0,3,1,3,4,1,4,4,2,2,1
1099,1100,0,3,1,2,3,0,0,0,2,0,1
1100,1101,0,3,1,2,3,0,1,0,2,0,1
1101,1102,1,3,1,2,0,0,0,0,2,3,1
1102,1103,1,3,0,2,2,0,0,0,2,4,1
1103,1104,0,3,0,3,4,0,4,4,2,0,1
1104,1105,0,3,0,3,3,0,4,3,2,0,1
1105,1106,1,3,1,3,1,0,2,4,2,3,1
1106,1107,0,3,1,3,1,1,2,1,2,0,1
1107,1108,1,3,0,3,4,0,4,4,2,1,1
1108,1109,1,3,1,3,4,1,4,4,2,3,1
1109,1110,1,3,1,1,1,0,2,2,2,0,1
1110,1111,1,3,1,3,0,0,0,0,2,3,0
1111,1112,0,3,0,3,4,0,4,4,2,2,1
1112,1113,1,3,0,1,4,0,1,2,2,0,1
1113,1114,0,4,0,3,0,0,3,3,2,2,1
1114,1115,0,4,1,2,4,0,1,1,2,3,1
1115,1116,1,4,1,3,1,1,2,2,2,4,1
1116,1117,0,4,1,3,4,1,0,0,2,2,1
1117,1118,0,4,1,3,4,1,0,0,2,3,1
1118,1119,1,4,0,3,5,1,1,3,2,2,1
1119,1120,0,4,0,3,4,0,4,4,2,0,1
1120,1121,1,4,1,3,4,0,0,1,2,2,1
1121,1122,0,4,0,3,4,1,4,4,2,2,0
1122,1123,0,4,0,2,2,0,4,3,2,0,1
1123,1124,1,4,1,0,0,0,0,0,2,4,1
1124,1125,1,4,1,3,2,0,4,4,2,3,0
1125,1126,0,4,1,2,1,0,2,1,2,0,0
1126,1127,0,4,0,1,4,0,2,1,2,3,1
1127,1128,1,4,0,1,2,0,1,2,2,2,1
1128,1129,1,4,0,1,2,0,0,1,2,3,1
1129,1130,0,4,1,1,1,0,1,0,2,0,1
1130,1131,1,4,1,3,4,0,4,4,2,0,1
1131,1132,1,4,0,3,4,1,0,1,2,3,1
1132,1133,0,4,0,3,1,1,3,2,2,0,1
1133,1134,0,4,0,3,1,1,1,1,2,0,1
1134,1135,0,4,0,3,4,1,4,4,2,2,1
1135,1136,0,4,1,3,2,0,1,0,2,0,1
1136,1137,0,4,0,2,0,0,3,3,2,0,0
1137,1138,0,4,0,3,3,0,3,3,2,0,1
1138,1139,1,4,1,3,4,1,4,4,2,3,1
1139,1140,0,4,0,2,2,0,4,3,2,0,1
1140,1141,0,4,1,1,3,0,4,4,2,0,1
1141,1142,0,4,0,1,0,0,2,0,2,0,1
1142,1143,0,4,0,3,1,0,0,0,2,2,1
1143,1144,1,4,0,3,2,0,1,2,2,4,1
1144,1145,0,4,0,3,4,1,4,4,2,2,1
1145,1146,0,4,0,3,4,0,4,4,2,0,1
1146,1147,0,4,1,3,1,0,4,3,2,0,1
1147,1148,1,4,0,3,4,1,0,0,2,4,1
1148,1149,1,4,0,3,4,1,0,0,2,4,1
1149,1150,0,4,0,2,1,0,0,1,2,0,1
1150,1151,0,4,0,2,2,0,4,2,2,0,1
1151,1152,0,4,1,3,3,0,3,4,2,2,1
1152,1153,1,4,0,1,0,0,1,2,2,2,1
1153,1154,0,4,1,3,1,0,3,3,2,0,1
1154,1155,0,4,0,3,3,0,2,1,2,0,1
1155,1156,1,4,0,3,4,0,2,4,2,4,1
1156,1157,0,4,0,3,1,0,4,3,2,0,1
1157,1158,1,4,1,2,3,0,4,4,2,0,0
1158,1159,1,4,0,3,1,1,2,1,2,3,1
1159,1160,0,4,0,3,0,0,3,3,2,2,1
1160,1161,1,4,1,2,0,0,1,2,2,3,1
1161,1162,0,4,1,3,3,0,3,3,2,2,1
1162,1163,1,4,0,3,0,0,0,0,2,3,1
1163,1164,0,4,0,3,2,0,0,0,2,2,1
1164,1165,0,4,0,0,0,0,1,0,2,0,1
1165,1166,1,4,0,3,4,0,4,4,2,4,0
1166,1167,0,4,1,3,1,0,4,4,2,0,1
1167,1168,1,4,0,3,3,1,4,4,2,0,0
1168,1169,1,4,0,3,0,0,1,2,2,0,1
1169,1170,1,4,1,3,4,1,3,3,2,3,1
1170,1171,1,4,0,2,3,0,2,4,2,3,1
1171,1172,0,4,0,2,3,0,3,2,2,0,1
1172,1173,0,4,0,3,5,1,2,2,2,3,1
1173,1174,1,4,1,0,3,0,1,2,2,4,1
1174,1175,1,4,1,3,2,0,0,1,2,3,1
1175,1176,0,4,0,3,0,0,2,2,2,0,0
1176,1177,0,4,0,3,3,0,2,0,2,2,0
1177,1178,0,4,0,3,1,1,3,2,2,0,1
1178,1179,0,4,0,3,4,0,1,1,2,2,1
1179,1180,0,4,0,3,4,0,3,4,2,2,1
1180,1181,1,4,1,3,0,0,4,4,2,4,0
1181,1182,0,4,1,1,1,0,2,1,2,2,1
1182,1183,0,4,0,3,4,0,3,3,2,0,1
1183,1184,0,4,0,3,3,1,3,2,2,2,1
1184,1185,0,4,1,3,3,0,4,4,2,0,1
1185,1186,0,4,0,3,4,0,2,2,2,2,1
1186,1187,0,4,0,3,3,0,3,2,2,0,1
1187,1188,0,4,0,3,3,0,2,1,2,2,1
1188,1189,1,4,1,3,4,0,4,4,2,3,0
1189,1190,1,4,0,3,1,0,1,2,2,4,1
1190,1191,0,4,0,3,4,0,4,2,2,2,1
1191,1192,0,4,0,3,4,0,4,2,2,2,1
1192,1193,0,4,0,2,3,0,4,4,2,0,1
1193,1194,1,0,1,0,0,1,0,1,1,4,1
1194,1195,0,0,0,2,1,0,4,4,1,2,1
1195,1196,1,0,1,2,1,0,0,1,1,2,0
1196,1197,0,1,0,3,2,0,3,2,1,0,1
1197,1198,0,1,1,3,1,0,3,2,1,0,1
1198,1199,1,1,0,3,4,0,4,4,1,4,0
1199,1200,1,1,0,3,2,0,2,3,1,0,1
1200,1201,0,2,0,3,1,0,1,1,1,2,0
1201,1202,0,2,0,3,3,0,4,3,1,0,0
1202,1203,1,2,1,2,0,1,0,1,1,4,1
1203,1204,1,2,0,2,1,0,0,1,1,1,1
1204,1205,0,2,1,3,2,0,2,1,1,0,1
1205,1206,1,2,1,2,3,0,2,3,1,3,0
1206,1207,0,2,1,3,4,0,2,1,1,0,1
1207,1208,0,2,0,3,4,0,3,3,1,2,1
1208,1209,0,3,0,3,4,0,4,4,1,2,0
1209,1210,1,3,1,3,1,0,1,2,1,4,1
1210,1211,0,3,0,3,4,0,2,1,1,2,1
1211,1212,1,3,1,3,3,0,0,0,1,3,1
1212,1213,1,3,1,3,0,0,0,0,1,3,1
1213,1214,1,3,1,3,1,0,0,1,1,2,1
1214,1215,1,3,0,0,1,0,0,0,1,4,1
1215,1216,0,3,0,2,3,0,3,3,1,0,0
1216,1217,0,3,1,3,4,0,4,4,1,2,1
1217,1218,0,3,1,3,4,0,4,4,1,0,0
1218,1219,0,3,0,1,1,0,2,1,1,2,1
1219,1220,0,3,1,3,0,0,2,1,1,0,0
1220,1221,1,3,1,1,1,0,3,4,1,3,1
1221,1222,0,3,0,2,4,0,4,4,1,2,1
1222,1223,1,3,1,3,1,0,2,3,1,3,1
1223,1224,0,3,1,3,2,0,2,2,1,0,0
1224,1225,0,3,0,1,1,0,3,2,1,2,1
1225,1226,1,3,0,2,2,0,3,4,1,0,1
1226,1227,0,3,0,3,1,0,4,3,1,2,1
1227,1228,0,3,0,2,0,0,2,2,1,0,1
1228,1229,0,3,0,3,1,0,3,3,1,0,1
1229,1230,1,3,0,3,1,0,1,3,1,3,1
1230,1231,1,3,0,3,2,1,0,2,1,3,1
1231,1232,0,4,0,3,3,0,4,4,1,2,1
1232,1233,0,4,0,3,0,0,4,4,1,0,0
1233,1234,0,4,0,0,4,0,4,4,1,2,1
1234,1235,1,4,0,3,2,1,0,1,1,3,1
1235,1236,0,4,0,1,1,0,3,3,1,2,1
1236,1237,0,3,0,3,0,0,0,0,1,2,1
1237,1238,0,3,0,3,0,0,0,0,1,2,1
1238,1239,1,3,0,3,0,0,0,0,1,2,1
1239,1240,1,2,1,3,1,0,1,2,1,2,1
1240,1241,1,2,1,1,3,0,3,4,1,4,1
1241,1242,1,3,1,0,4,0,1,2,1,4,1
1242,1243,1,3,1,3,1,0,2,3,1,4,1
1243,1244,0,3,1,3,3,0,3,2,1,0,1
1244,1245,1,3,0,2,2,0,3,4,1,2,1
1245,1246,0,2,1,3,4,0,4,4,1,0,1
1246,1247,1,3,1,3,2,0,1,1,1,3,1
1247,1248,0,0,0,2,3,0,4,3,0,0,1
1248,1249,0,0,0,2,4,0,3,3,0,2,1
1249,1250,0,0,0,2,4,0,4,4,0,0,1
1250,1251,1,0,0,2,0,0,1,2,0,4,1
1251,1252,0,0,1,3,2,0,4,4,0,0,1
1252,1253,1,0,1,2,0,0,1,2,0,4,0
1253,1254,0,0,1,2,0,0,2,1,0,0,0
1254,1255,1,0,0,2,0,0,1,2,0,3,0
1255,1256,0,0,1,3,0,0,2,1,0,0,1
1256,1257,1,0,1,2,2,0,3,4,0,4,1
1257,1258,1,0,1,2,0,0,1,2,0,4,1
1258,1259,0,0,0,2,0,0,3,3,0,0,1
1259,1260,0,0,1,2,0,0,3,3,0,0,1
1260,1261,1,0,1,3,3,0,2,3,0,4,1
1261,1262,1,0,0,2,1,0,3,4,0,4,1
1262,1263,1,0,1,2,2,0,1,3,0,3,1
1263,1264,1,0,1,2,1,0,1,3,0,4,0
1264,1265,0,0,0,2,0,0,2,1,0,0,0
1265,1266,1,0,0,2,3,0,1,2,0,4,0
1266,1267,1,0,0,2,3,0,1,2,0,3,1
1267,1268,1,0,0,1,0,0,0,1,0,3,1
1268,1269,0,0,1,2,0,0,2,2,0,0,1
1269,1270,0,0,1,2,1,0,3,3,0,2,1
1270,1271,1,0,1,2,0,0,0,1,0,4,1
1271,1272,0,0,0,3,0,0,2,1,0,0,1
1272,1273,1,0,0,2,1,0,0,1,0,2,1
1273,1274,0,0,1,2,1,0,2,1,0,2,1
1274,1275,0,0,0,2,4,0,3,2,0,0,1
1275,1276,0,0,1,2,0,0,2,1,0,0,1
1276,1277,0,0,0,2,1,0,3,2,0,0,1
1277,1278,0,0,0,2,1,0,2,1,0,0,1
1278,1279,1,0,0,2,0,0,0,0,0,3,1
1279,1280,0,0,0,2,0,0,3,3,0,0,0
1280,1281,1,0,1,2,0,0,2,3,0,4,1
1281,1282,0,0,1,2,1,0,2,2,0,0,0
1282,1283,0,0,1,2,0,0,3,3,0,0,1
1283,1284,0,0,0,2,1,0,3,3,0,2,1
1284,1285,0,0,0,2,1,0,3,2,0,2,1
1285,1286,0,0,0,2,0,0,3,1,0,0,1
1286,1287,0,0,1,2,1,0,3,3,0,0,0
1287,1288,1,0,1,3,0,0,0,1,0,3,1
1288,1289,1,0,0,3,3,0,4,4,0,4,1
1289,1290,0,0,0,2,0,0,1,0,0,2,1
1290,1291,1,0,1,3,1,0,0,0,0,3,1
1291,1292,1,0,0,3,2,0,0,0,0,3,1
1292,1293,0,0,0,2,0,0,2,2,0,0,0
1293,1294,0,0,1,2,0,0,2,2,0,0,1
1294,1295,1,0,1,3,0,0,1,2,0,0,1
1295,1296,1,0,1,2,0,0,1,3,0,4,1
1296,1297,1,0,1,3,4,0,4,4,0,3,0
1297,1298,1,0,0,2,0,0,1,3,0,4,1
1298,1299,0,0,0,3,2,0,3,1,0,0,1
1299,1300,0,0,1,3,3,0,4,4,0,0,1
1300,1301,1,0,0,2,0,0,0,0,0,3,0
1301,1302,1,0,1,2,1,0,1,2,0,0,0
1302,1303,0,0,0,2,1,0,4,3,0,0,1
1303,1304,1,0,0,3,2,0,2,3,0,3,0
1304,1305,0,1,0,1,1,0,3,3,0,0,1
1305,1306,1,1,1,3,1,0,2,3,0,0,1
1306,1307,1,1,1,1,3,0,0,1,0,2,1
1307,1308,0,1,1,1,2,0,4,3,0,0,0
1308,1309,0,1,0,1,0,0,2,2,0,0,1
1309,1310,1,1,0,2,2,0,1,2,0,4,1
1310,1311,0,1,1,2,0,0,1,1,0,2,1
1311,1312,0,1,0,2,1,0,3,3,0,0,1
1312,1313,1,1,0,3,1,0,0,1,0,2,1
1313,1314,0,1,1,1,0,0,4,4,0,0,0
1314,1315,1,1,1,3,1,0,0,0,0,4,0
1315,1316,1,1,0,3,4,0,4,4,0,3,1
1316,1317,1,1,0,2,0,0,0,1,0,2,1
1317,1318,1,1,0,1,4,0,1,2,0,2,1
1318,1319,0,1,1,2,1,0,2,2,0,0,1
1319,1320,0,1,1,3,1,0,1,0,0,0,1
1320,1321,1,1,1,3,1,0,3,3,0,4,0
1321,1322,1,1,1,2,0,0,1,3,0,3,1
1322,1323,0,1,0,2,0,0,3,2,0,0,0
1323,1324,0,1,0,2,4,0,2,2,0,0,1
1324,1325,1,1,1,2,2,0,2,4,0,4,1
1325,1326,0,1,1,3,0,0,2,1,0,0,1
1326,1327,0,1,1,3,2,0,3,3,0,0,1
1327,1328,0,1,1,3,1,0,3,3,0,0,1
1328,1329,0,1,0,3,1,0,3,2,0,0,0
1329,1330,0,1,0,3,1,0,3,3,0,2,1
1330,1331,1,1,1,2,0,0,0,0,0,2,1
1331,1332,1,1,1,2,0,0,0,0,0,3,1
1332,1333,0,1,1,3,4,0,4,4,0,2,0
1333,1334,1,1,0,2,2,0,1,2,0,3,1
1334,1335,0,1,0,3,1,0,4,3,0,0,1
1335,1336,0,1,0,2,1,0,3,3,0,0,1
1336,1337,0,1,0,2,1,0,3,3,0,2,1
1337,1338,1,1,0,3,0,0,0,0,0,4,1
1338,1339,1,1,0,3,4,0,1,3,0,3,1
1339,1340,0,1,1,3,3,0,4,4,0,0,0
1340,1341,0,1,0,2,0,0,1,0,0,2,0
1341,1342,0,1,0,3,1,0,2,1,0,1,1
1342,1343,0,1,0,3,1,0,1,1,0,3,1
1343,1344,0,1,0,1,0,0,2,2,0,0,1
1344,1345,0,1,1,1,1,0,2,2,0,0,1
1345,1346,0,1,0,3,1,0,2,1,0,0,1
1346,1347,0,1,0,1,0,0,2,1,0,0,0
1347,1348,1,1,1,2,0,0,0,0,0,4,1
1348,1349,1,1,0,3,3,0,0,1,0,3,1
1349,1350,0,1,1,2,1,0,3,3,0,0,1
1350,1351,1,1,1,2,2,0,4,4,0,3,1
1351,1352,1,1,0,3,2,0,3,4,0,4,1
1352,1353,1,1,0,2,0,0,2,3,0,3,1
1353,1354,1,1,1,3,2,0,2,3,0,2,1
1354,1355,0,1,0,1,0,0,2,2,0,0,1
1355,1356,0,1,1,2,0,0,2,2,0,2,1
1356,1357,0,1,0,3,4,0,4,4,0,2,1
1357,1358,1,1,1,2,4,0,4,4,0,4,0
1358,1359,1,1,0,3,2,0,4,4,0,0,1
1359,1360,0,2,0,3,0,0,0,0,0,2,1
1360,1361,0,2,1,0,4,0,1,0,0,2,1
1361,1362,1,2,1,0,4,0,0,0,0,3,1
1362,1363,0,2,1,3,1,0,3,3,0,2,1
1363,1364,0,2,1,3,4,0,4,4,0,0,1
1364,1365,1,2,1,1,0,0,1,2,0,3,0
1365,1366,0,2,0,2,1,0,3,2,0,0,1
1366,1367,1,2,0,2,0,0,1,3,0,4,1
1367,1368,1,2,0,3,1,0,1,2,0,2,1
1368,1369,0,2,1,3,3,0,3,3,0,2,1
1369,1370,0,2,1,2,1,0,3,3,0,2,1
1370,1371,0,2,0,3,1,0,4,3,0,0,0
1371,1372,0,2,0,3,1,0,2,1,0,0,1
1372,1373,0,2,1,2,1,0,2,1,0,0,1
1373,1374,0,2,1,3,0,0,4,4,0,2,1
1374,1375,1,2,0,2,3,0,4,4,0,3,0
1375,1376,0,2,0,3,1,0,3,3,0,0,1
1376,1377,0,2,0,3,4,0,2,1,0,2,1
1377,1378,1,2,0,3,4,0,0,2,0,4,1
1378,1379,1,2,0,2,3,0,1,2,0,4,1
1379,1380,0,2,0,2,3,0,4,4,0,2,1
1380,1381,0,2,1,2,0,0,4,4,0,0,1
1381,1382,0,2,0,2,3,0,4,4,0,2,1
1382,1383,0,2,1,3,1,0,4,3,0,0,1
1383,1384,1,2,0,3,3,0,1,2,0,4,1
1384,1385,0,2,0,2,0,0,3,1,0,0,1
1385,1386,1,2,0,2,0,0,1,3,0,4,1
1386,1387,1,2,0,3,3,0,3,4,0,2,1
1387,1388,0,2,1,2,1,0,3,3,0,0,1
1388,1389,1,2,0,2,1,0,3,4,0,2,1
1389,1390,0,2,1,2,2,0,4,4,0,2,0
1390,1391,1,2,1,3,3,0,1,2,0,3,1
1391,1392,1,2,0,3,3,0,2,4,0,4,1
1392,1393,1,2,1,3,2,1,3,4,0,2,1
1393,1394,0,2,1,3,2,1,2,2,0,2,1
1394,1395,1,2,0,1,2,0,1,2,0,4,1
1395,1396,1,2,1,3,1,1,0,1,0,3,1
1396,1397,1,2,1,3,4,0,4,4,0,0,1
1397,1398,1,2,0,2,1,0,2,3,0,2,1
1398,1399,0,2,1,3,0,0,3,3,0,0,1
1399,1400,1,2,0,1,2,0,0,0,0,3,1
1400,1401,0,2,0,3,4,0,4,4,0,0,0
1401,1402,1,2,1,2,2,0,1,2,0,0,1
1402,1403,1,3,1,3,3,0,2,4,0,4,1
1403,1404,1,3,0,2,3,0,3,4,0,3,1
1404,1405,0,3,1,3,4,0,4,3,0,0,1
1405,1406,0,3,0,2,1,0,3,3,0,0,1
1406,1407,1,3,0,2,3,0,1,2,0,3,1
1407,1408,1,3,1,2,4,0,4,4,0,2,1
1408,1409,0,3,0,1,2,0,4,4,0,0,1
1409,1410,0,4,1,3,2,1,3,2,0,2,1
1410,1411,0,4,0,3,1,0,3,3,0,0,1
1411,1412,1,4,0,3,3,0,4,4,0,3,1
